case_barcode,tp53_status,source,idh_status,LAG3_log2tpm,tp53_subgroup_old,tp53_HGVSp,subgroup_new,n_events,hgvsp_all,class_all
TCGA-02-0003,mutant,TCGA,wildtype,0.5922537001149073,p.R282W,p.H178Q|p.R282W,Hotspot,2,p.H178Q|p.R282W,Missense_Mutation
TCGA-02-0033,mutant,TCGA,wildtype,0.5807243763087195,p.R248Q,p.R248Q,Hotspot,1,p.R248Q,Missense_Mutation
TCGA-02-0047,wildtype,TCGA,wildtype,0.42373950716531633,WT,NA,WT,NA,NA,NA
TCGA-02-0055,mutant,TCGA,wildtype,0.31103803002230457,Missense_other,p.V216M,Other_missense,1,p.V216M,Missense_Mutation
TCGA-02-2466,wildtype,TCGA,wildtype,0.2950176651512979,WT,NA,WT,NA,NA,NA
TCGA-02-2470,wildtype,TCGA,wildtype,0.09153059312061654,WT,NA,WT,NA,NA,NA
TCGA-02-2483,mutant,TCGA,mutant,2.003961966152422,p.R273H,p.R273H,Hotspot,1,p.R273H,Missense_Mutation
TCGA-02-2485,mutant,TCGA,wildtype,1.3304436682290093,p.R248Q,p.R248Q|p.S127Y,Hotspot,2,p.R248Q|p.S127Y,Missense_Mutation
TCGA-02-2486,wildtype,TCGA,wildtype,2.793458951274637,WT,NA,WT,NA,NA,NA
TCGA-06-0125,wildtype,TCGA,wildtype,0.4245996622308257,WT,NA,WT,NA,NA,NA
TCGA-06-0129,mutant,TCGA,mutant,4.162097220629027,p.R248Q,p.R248Q,Hotspot,1,p.R248Q,Missense_Mutation
TCGA-06-0130,mutant,TCGA,wildtype,4.305102308781792,Missense_other,p.R158H,Other_missense,1,p.R158H,Missense_Mutation
TCGA-06-0132,wildtype,TCGA,wildtype,0.15016970629570192,WT,NA,WT,NA,NA,NA
TCGA-06-0139,wildtype,TCGA,wildtype,0.9178518039750064,WT,NA,WT,NA,NA,NA
TCGA-06-0140,wildtype,TCGA,wildtype,1.1129669649581757,WT,NA,WT,NA,NA,NA
TCGA-06-0141,wildtype,TCGA,wildtype,0.6121165522248829,WT,NA,WT,NA,NA,NA
TCGA-06-0145,wildtype,TCGA,wildtype,0.568907674127396,WT,NA,WT,NA,NA,NA
TCGA-06-0152,wildtype,TCGA,wildtype,0.4537546068516975,WT,NA,WT,NA,NA,NA
TCGA-06-0154,wildtype,TCGA,wildtype,0.6214306677904478,WT,NA,WT,NA,NA,NA
TCGA-06-0155,wildtype,TCGA,wildtype,0.969528121567127,WT,NA,WT,NA,NA,NA
TCGA-06-0157,wildtype,TCGA,wildtype,0.5711428290617319,WT,NA,WT,NA,NA,NA
TCGA-06-0158,wildtype,TCGA,wildtype,0.5045695476295113,WT,NA,WT,NA,NA,NA
TCGA-06-0166,wildtype,TCGA,wildtype,0.7104372769069142,WT,NA,WT,NA,NA,NA
TCGA-06-0167,wildtype,TCGA,wildtype,0.1534162422552479,WT,NA,WT,NA,NA,NA
TCGA-06-0168,wildtype,TCGA,wildtype,1.5345596846083165,WT,NA,WT,NA,NA,NA
TCGA-06-0169,wildtype,TCGA,wildtype,0.21325395073353415,WT,NA,WT,NA,NA,NA
TCGA-06-0171,wildtype,TCGA,wildtype,0.14834844991564902,WT,NA,WT,NA,NA,NA
TCGA-06-0174,wildtype,TCGA,wildtype,0.56958830533033,WT,NA,WT,NA,NA,NA
TCGA-06-0178,wildtype,TCGA,wildtype,2.1342538025991193,WT,NA,WT,NA,NA,NA
TCGA-06-0184,mutant,TCGA,wildtype,0.36053283865776137,Missense_other,p.R158H,Other_missense,1,p.R158H,Missense_Mutation
TCGA-06-0185,wildtype,TCGA,wildtype,0.1552311162992788,WT,NA,WT,NA,NA,NA
TCGA-06-0187,wildtype,TCGA,wildtype,0.34164424053016007,WT,NA,WT,NA,NA,NA
TCGA-06-0190,mutant,TCGA,wildtype,0.506601942191015,p.G245S,p.G245S,Other_missense,1,p.G245S,Missense_Mutation
TCGA-06-0192,wildtype,TCGA,wildtype,0.6714745472954379,WT,NA,WT,NA,NA,NA
TCGA-06-0195,mutant,TCGA,wildtype,0.3103401206121505,Missense_other,p.D281A|p.G266R,Other_missense,2,p.D281A|p.G266R,Missense_Mutation
TCGA-06-0210,mutant,TCGA,wildtype,0.4859419834124194,p.R248Q,p.R248Q,Hotspot,1,p.R248Q,Missense_Mutation
TCGA-06-0214,wildtype,TCGA,wildtype,0.6453327536248619,WT,NA,WT,NA,NA,NA
TCGA-06-0216,wildtype,TCGA,wildtype,0.4188915560074607,WT,NA,WT,NA,NA,NA
TCGA-06-0219,wildtype,TCGA,wildtype,0.2926639733968575,WT,NA,WT,NA,NA,NA
TCGA-06-0238,mutant,TCGA,wildtype,0.7345687304505893,Other_nonsilent,p.N239_S241del,Other_missense,1,p.N239_S241del,In_Frame_Del
TCGA-06-0644,mutant,TCGA,wildtype,0.20439116292978057,Missense_other,p.Y220C,Other_missense,1,p.Y220C,Missense_Mutation
TCGA-06-0645,wildtype,TCGA,wildtype,0.4023947505006149,WT,NA,WT,NA,NA,NA
TCGA-06-0646,wildtype,TCGA,wildtype,0.7129038746345187,WT,NA,WT,NA,NA,NA
TCGA-06-0648,wildtype,TCGA,wildtype,0.636914580355878,WT,NA,WT,NA,NA,NA
TCGA-06-0649,wildtype,TCGA,wildtype,0.6508564475944271,WT,NA,WT,NA,NA,NA
TCGA-06-0686,wildtype,TCGA,wildtype,0.8562287982190446,WT,NA,WT,NA,NA,NA
TCGA-06-0743,mutant,TCGA,wildtype,0.41629930547987937,p.H179R,p.H179R,Other_missense,1,p.H179R,Missense_Mutation
TCGA-06-0744,mutant,TCGA,wildtype,0.6855365409343533,p.H179R,p.H179R,Other_missense,1,p.H179R,Missense_Mutation
TCGA-06-0745,wildtype,TCGA,wildtype,0.6671200598065821,WT,NA,WT,NA,NA,NA
TCGA-06-0747,wildtype,TCGA,wildtype,0.4772628493491721,WT,NA,WT,NA,NA,NA
TCGA-06-0749,wildtype,TCGA,wildtype,0.8558302746837658,WT,NA,WT,NA,NA,NA
TCGA-06-0750,wildtype,TCGA,wildtype,0.40610123821185984,WT,NA,WT,NA,NA,NA
TCGA-06-0875,mutant,TCGA,wildtype,0.8527180071607374,p.R282W,p.R282W,Hotspot,1,p.R282W,Missense_Mutation
TCGA-06-0876,mutant,TCGA,wildtype,0.7708713221908173,p.R248W,p.R248W,Hotspot,1,p.R248W,Missense_Mutation
TCGA-06-0877,wildtype,TCGA,wildtype,0.8712128242575143,WT,NA,WT,NA,NA,NA
TCGA-06-0878,wildtype,TCGA,wildtype,0.6771699388182449,WT,NA,WT,NA,NA,NA
TCGA-06-0879,wildtype,TCGA,wildtype,0.4733193559174355,WT,NA,WT,NA,NA,NA
TCGA-06-0881,wildtype,TCGA,wildtype,0.591009130839571,WT,NA,WT,NA,NA,NA
TCGA-06-0882,wildtype,TCGA,wildtype,0.4308204965197713,WT,NA,WT,NA,NA,NA
TCGA-06-0939,wildtype,TCGA,wildtype,0.2228045610452611,WT,NA,WT,NA,NA,NA
TCGA-06-1084,wildtype,TCGA,wildtype,1.440314401803118,WT,NA,WT,NA,NA,NA
TCGA-06-1087,mutant,TCGA,wildtype,2.274768565799866,Missense_other,p.Y220C,Other_missense,1,p.Y220C,Missense_Mutation
TCGA-06-1800,mutant,TCGA,wildtype,0.6332917004639034,Missense_other,p.S241P,Other_missense,1,p.S241P,Missense_Mutation
TCGA-06-1804,wildtype,TCGA,wildtype,0.41964675253143346,WT,NA,WT,NA,NA,NA
TCGA-06-1806,wildtype,TCGA,wildtype,1.2493846586302202,WT,NA,WT,NA,NA,NA
TCGA-06-2557,wildtype,TCGA,wildtype,1.2849286412318373,WT,NA,WT,NA,NA,NA
TCGA-06-2558,mutant,TCGA,wildtype,0.6125884066987176,Missense_other,p.D281H,Other_missense,1,p.D281H,Missense_Mutation
TCGA-06-2559,mutant,TCGA,wildtype,0.8779012694355401,Missense_other,p.P190L|p.T155N,Other_missense,2,p.P190L|p.T155N,Missense_Mutation
TCGA-06-2561,wildtype,TCGA,wildtype,0.8375396343794035,WT,NA,WT,NA,NA,NA
TCGA-06-2562,wildtype,TCGA,wildtype,0.518434423771075,WT,NA,WT,NA,NA,NA
TCGA-06-2563,mutant,TCGA,wildtype,0.6662112182489406,Missense_other,p.L130P,Other_missense,1,p.L130P,Missense_Mutation
TCGA-06-2564,wildtype,TCGA,wildtype,0.4884121759957323,WT,NA,WT,NA,NA,NA
TCGA-06-2565,wildtype,TCGA,wildtype,1.3418150039843324,WT,NA,WT,NA,NA,NA
TCGA-06-2567,mutant,TCGA,wildtype,0.5506052019627573,Truncating,p.E271K|p.R196*,Truncating,2,p.E271K|p.R196*,Missense_Mutation|Nonsense_Mutation
TCGA-06-2569,mutant,TCGA,wildtype,1.7483753557433246,Other_nonsilent,p.T155_R158del,Other_missense,1,p.T155_R158del,In_Frame_Del
TCGA-06-2570,mutant,TCGA,mutant,0.5417130663146439,Missense_other,p.Q136E,Other_missense,1,p.Q136E,Missense_Mutation
TCGA-06-5408,wildtype,TCGA,wildtype,0.6031218698399965,WT,NA,WT,NA,NA,NA
TCGA-06-5410,wildtype,TCGA,wildtype,0.12750121921583699,WT,NA,WT,NA,NA,NA
TCGA-06-5411,wildtype,TCGA,wildtype,0.3883548795482065,WT,NA,WT,NA,NA,NA
TCGA-06-5412,wildtype,TCGA,wildtype,0.15211850443194314,WT,NA,WT,NA,NA,NA
TCGA-06-5413,wildtype,TCGA,wildtype,0.4027221768456047,WT,NA,WT,NA,NA,NA
TCGA-06-5414,wildtype,TCGA,wildtype,0.1598874787305005,WT,NA,WT,NA,NA,NA
TCGA-06-5415,wildtype,TCGA,wildtype,0.503145165950165,WT,NA,WT,NA,NA,NA
TCGA-06-5416,mutant,TCGA,mutant,1.2394591455262811,Truncating,p.R213*,Truncating,1,p.R213*,Nonsense_Mutation
TCGA-06-5417,mutant,TCGA,mutant,0.6444100783306281,Truncating,p.I255S|p.R196*,Truncating,2,p.I255S|p.R196*,Missense_Mutation|Nonsense_Mutation
TCGA-06-5418,wildtype,TCGA,wildtype,0.3229664615496454,WT,NA,WT,NA,NA,NA
TCGA-06-5856,wildtype,TCGA,wildtype,0.8158213218338047,WT,NA,WT,NA,NA,NA
TCGA-06-5858,mutant,TCGA,wildtype,0.8331734632383404,p.R175H,p.R175H,Hotspot,1,p.R175H,Missense_Mutation
TCGA-06-5859,wildtype,TCGA,wildtype,0.4511187763949463,WT,NA,WT,NA,NA,NA
TCGA-06-6388,wildtype,TCGA,wildtype,0.5139959793670126,WT,NA,WT,NA,NA,NA
TCGA-06-6389,mutant,TCGA,mutant,1.1003721941071123,Missense_other,p.Y220C,Other_missense,1,p.Y220C,Missense_Mutation
TCGA-06-6390,wildtype,TCGA,wildtype,0.7157176892223892,WT,NA,WT,NA,NA,NA
TCGA-06-6391,wildtype,TCGA,wildtype,0.29783703588664373,WT,NA,WT,NA,NA,NA
TCGA-06-6693,wildtype,TCGA,wildtype,0.900026298964851,WT,NA,WT,NA,NA,NA
TCGA-06-6694,mutant,TCGA,wildtype,2.80213116420774,Missense_other,p.C238F,Other_missense,1,p.C238F,Missense_Mutation
TCGA-06-6695,wildtype,TCGA,wildtype,0.3222743001542052,WT,NA,WT,NA,NA,NA
TCGA-06-6697,wildtype,TCGA,wildtype,0.1694119519913547,WT,NA,WT,NA,NA,NA
TCGA-06-6698,mutant,TCGA,wildtype,0.23192387329376324,p.R175H,p.R175H,Hotspot,1,p.R175H,Missense_Mutation
TCGA-06-6699,wildtype,TCGA,wildtype,0.4175960129666715,WT,NA,WT,NA,NA,NA
TCGA-06-6700,wildtype,TCGA,wildtype,0.5025342858954955,WT,NA,WT,NA,NA,NA
TCGA-06-A5U0,mutant,TCGA,wildtype,0.5654996931661993,Truncating,p.E171Gfs*4|p.R342*,Truncating,2,p.E171Gfs*4|p.R342*,Frame_Shift_Ins|Nonsense_Mutation
TCGA-06-A5U1,wildtype,TCGA,wildtype,1.0137123648206543,WT,NA,WT,NA,NA,NA
TCGA-06-A6S0,wildtype,TCGA,wildtype,0.6862539873547531,WT,NA,WT,NA,NA,NA
TCGA-06-A6S1,wildtype,TCGA,wildtype,0.647821033401297,WT,NA,WT,NA,NA,NA
TCGA-06-A7TK,wildtype,TCGA,wildtype,0.8767232065151669,WT,NA,WT,NA,NA,NA
TCGA-06-A7TL,mutant,TCGA,mutant,0.947927931238094,Missense_other,p.C275Y,Other_missense,1,p.C275Y,Missense_Mutation
TCGA-08-0386,wildtype,TCGA,wildtype,0.717999879468506,WT,NA,WT,NA,NA,NA
TCGA-12-0615,wildtype,TCGA,wildtype,0.6435791657317148,WT,NA,WT,NA,NA,NA
TCGA-12-0616,wildtype,TCGA,wildtype,0.9240998856407416,WT,NA,WT,NA,NA,NA
TCGA-12-0618,mutant,TCGA,wildtype,0.6805944148813485,Missense_other,p.C238Y,Other_missense,1,p.C238Y,Missense_Mutation
TCGA-12-0619,mutant,TCGA,wildtype,2.236584458113175,Missense_other,p.K164E,Other_missense,1,p.K164E,Missense_Mutation
TCGA-12-0657,wildtype,TCGA,wildtype,0.6644828403646825,WT,NA,WT,NA,NA,NA
TCGA-12-0662,wildtype,TCGA,wildtype,0.7563401522518527,WT,NA,WT,NA,NA,NA
TCGA-12-0670,wildtype,TCGA,wildtype,0.28321061798453095,WT,NA,WT,NA,NA,NA
TCGA-12-0691,mutant,TCGA,wildtype,2.3188374192962087,Missense_other,p.H193R,Other_missense,1,p.H193R,Missense_Mutation
TCGA-12-0692,wildtype,TCGA,wildtype,1.450538246858835,WT,NA,WT,NA,NA,NA
TCGA-12-0773,mutant,TCGA,wildtype,0.34050530067398493,Missense_other,p.R158P,Other_missense,1,p.R158P,Missense_Mutation
TCGA-12-0775,wildtype,TCGA,wildtype,1.0188477854279772,WT,NA,WT,NA,NA,NA
TCGA-12-0818,mutant,TCGA,mutant,0.9773165629087104,p.R273C,p.R273C,Hotspot,1,p.R273C,Missense_Mutation
TCGA-12-0819,wildtype,TCGA,wildtype,0.2907782513201796,WT,NA,WT,NA,NA,NA
TCGA-12-0820,wildtype,TCGA,wildtype,1.503145165950165,WT,NA,WT,NA,NA,NA
TCGA-12-0821,wildtype,TCGA,wildtype,0.4395699496627392,WT,NA,WT,NA,NA,NA
TCGA-12-0826,wildtype,TCGA,wildtype,0.3822799000669483,WT,NA,WT,NA,NA,NA
TCGA-12-0827,mutant,TCGA,mutant,0.3644603739602611,Truncating,p.W146Sfs*22,Truncating,1,p.W146Sfs*22,Frame_Shift_Del
TCGA-12-0829,wildtype,TCGA,wildtype,0.8154934552246126,WT,NA,WT,NA,NA,NA
TCGA-12-1089,wildtype,TCGA,wildtype,0.3576083038138484,WT,NA,WT,NA,NA,NA
TCGA-12-1092,mutant,TCGA,wildtype,0.9796595517158244,p.R248Q,p.R248Q,Hotspot,1,p.R248Q,Missense_Mutation
TCGA-12-1093,wildtype,TCGA,wildtype,0.5779242445067021,WT,NA,WT,NA,NA,NA
TCGA-12-1597,wildtype,TCGA,wildtype,0.5567972465927431,WT,NA,WT,NA,NA,NA
TCGA-12-1598,mutant,TCGA,wildtype,0.7696871212230362,p.R282W,p.R282W,Hotspot,1,p.R282W,Missense_Mutation
TCGA-12-1599,wildtype,TCGA,wildtype,0.45712145795009623,WT,NA,WT,NA,NA,NA
TCGA-12-1600,mutant,TCGA,wildtype,0.292899515444873,Truncating,p.W53*|p.X126_splice,Truncating,2,p.W53*|p.X126_splice,Nonsense_Mutation|Splice_Site
TCGA-12-3644,mutant,TCGA,wildtype,0.3945141419559588,p.R248W,p.R248W,Hotspot,1,p.R248W,Missense_Mutation
TCGA-12-3646,wildtype,TCGA,wildtype,0.4325318787381165,WT,NA,WT,NA,NA,NA
TCGA-12-3648,wildtype,TCGA,wildtype,0.28166857997284495,WT,NA,WT,NA,NA,NA
TCGA-12-3650,wildtype,TCGA,wildtype,0.41099228722089526,WT,NA,WT,NA,NA,NA
TCGA-12-3651,wildtype,TCGA,wildtype,0.3252712707959596,WT,NA,WT,NA,NA,NA
TCGA-12-3652,wildtype,TCGA,wildtype,0.4833643607133495,WT,NA,WT,NA,NA,NA
TCGA-12-3653,wildtype,TCGA,wildtype,0.734221866220779,WT,NA,WT,NA,NA,NA
TCGA-12-5295,wildtype,TCGA,wildtype,0.12617994882319306,WT,NA,WT,NA,NA,NA
TCGA-12-5299,wildtype,TCGA,wildtype,0.2505978230482337,WT,NA,WT,NA,NA,NA
TCGA-12-5301,wildtype,TCGA,wildtype,0.05116325258211458,WT,NA,WT,NA,NA,NA
TCGA-14-0781,wildtype,TCGA,wildtype,0.25954367314869103,WT,NA,WT,NA,NA,NA
TCGA-14-0786,wildtype,TCGA,wildtype,0.2715451984856866,WT,NA,WT,NA,NA,NA
TCGA-14-0787,wildtype,TCGA,wildtype,0.4429700279273469,WT,NA,WT,NA,NA,NA
TCGA-14-0789,wildtype,TCGA,wildtype,0.31961793420016127,WT,NA,WT,NA,NA,NA
TCGA-14-0790,wildtype,TCGA,wildtype,0.5150059164337295,WT,NA,WT,NA,NA,NA
TCGA-14-0812,mutant,TCGA,wildtype,0.450379880071041,Other_nonsilent,p.I255del,Other_missense,1,p.I255del,In_Frame_Del
TCGA-14-0813,mutant,TCGA,wildtype,0.8453495381500936,p.R282W,p.R282W,Hotspot,1,p.R282W,Missense_Mutation
TCGA-14-0817,mutant,TCGA,wildtype,0.5629628285152902,Truncating,p.L194Pfs*13,Truncating,1,p.L194Pfs*13,Frame_Shift_Del
TCGA-14-0865,wildtype,TCGA,wildtype,0.8663936977167666,WT,NA,WT,NA,NA,NA
TCGA-14-0871,mutant,TCGA,wildtype,1.1933301953843043,Truncating,p.G302Rfs*4,Truncating,1,p.G302Rfs*4,Frame_Shift_Ins
TCGA-14-1034,mutant,TCGA,wildtype,0.20501708816016756,Missense_other,p.G105R,Other_missense,1,p.G105R,Missense_Mutation
TCGA-14-1037,wildtype,TCGA,wildtype,0.4438187969124928,WT,NA,WT,NA,NA,NA
TCGA-14-1396,mutant,TCGA,wildtype,1.3382817784651972,Truncating,p.W91*,Truncating,1,p.W91*,Nonsense_Mutation
TCGA-14-1451,wildtype,TCGA,wildtype,0.24610400988391656,WT,NA,WT,NA,NA,NA
TCGA-14-1453,wildtype,TCGA,wildtype,0.6307782127428617,WT,NA,WT,NA,NA,NA
TCGA-14-1455,wildtype,TCGA,wildtype,0.5053828490623046,WT,NA,WT,NA,NA,NA
TCGA-14-1795,mutant,TCGA,wildtype,1.4237932818840318,Missense_other,p.G244D,Other_missense,1,p.G244D,Missense_Mutation
TCGA-14-1821,mutant,TCGA,mutant,1.617580599005267,Missense_other,p.H214R,Other_missense,1,p.H214R,Missense_Mutation
TCGA-14-1823,wildtype,TCGA,wildtype,0.26074832839644746,WT,NA,WT,NA,NA,NA
TCGA-14-1825,mutant,TCGA,wildtype,0.7812338000993344,p.R282W,p.R196*|p.R282W,Hotspot,2,p.R196*|p.R282W,Missense_Mutation|Nonsense_Mutation
TCGA-14-1827,wildtype,TCGA,wildtype,0.17440641852974909,WT,NA,WT,NA,NA,NA
TCGA-14-1829,wildtype,TCGA,wildtype,0.6591938949069485,WT,NA,WT,NA,NA,NA
TCGA-14-2554,wildtype,TCGA,wildtype,0.2567691427613412,WT,NA,WT,NA,NA,NA
TCGA-14-4157,mutant,TCGA,mutant,1.3764570950111643,p.R175H,p.R175H|p.V157G,Hotspot,2,p.R175H|p.V157G,Missense_Mutation
TCGA-15-0742,wildtype,TCGA,wildtype,0.7824085649273732,WT,NA,WT,NA,NA,NA
TCGA-16-0846,mutant,TCGA,wildtype,2.895186270267403,Missense_other,p.H179Y,Other_missense,1,p.H179Y,Missense_Mutation
TCGA-16-0849,mutant,TCGA,mutant,2.2675657602714314,p.R273C,p.R273C,Hotspot,1,p.R273C,Missense_Mutation
TCGA-16-0850,mutant,TCGA,mutant,1.1599520447329228,Missense_other,p.S241Y,Other_missense,1,p.S241Y,Missense_Mutation
TCGA-16-1045,wildtype,TCGA,wildtype,1.4366415915909618,WT,NA,WT,NA,NA,NA
TCGA-16-1460,mutant,TCGA,mutant,0.6477289513817419,p.R175H,p.R175H,Hotspot,1,p.R175H,Missense_Mutation
TCGA-19-1385,wildtype,TCGA,wildtype,1.3386811246245462,WT,NA,WT,NA,NA,NA
TCGA-19-1386,wildtype,TCGA,wildtype,1.2772111363945349,WT,NA,WT,NA,NA,NA
TCGA-19-1387,wildtype,TCGA,wildtype,0.4141355329844512,WT,NA,WT,NA,NA,NA
TCGA-19-1390,mutant,TCGA,wildtype,2.0278971524352456,Missense_other,p.L130F|p.L194R,Other_missense,2,p.L130F|p.L194R,Missense_Mutation
TCGA-19-1787,mutant,TCGA,wildtype,1.8471951865893952,p.R175H,p.R175H,Hotspot,1,p.R175H,Missense_Mutation
TCGA-19-1791,wildtype,TCGA,wildtype,0.3776235376357267,WT,NA,WT,NA,NA,NA
TCGA-19-2620,wildtype,TCGA,wildtype,1.308710351168077,WT,NA,WT,NA,NA,NA
TCGA-19-2624,wildtype,TCGA,wildtype,2.6787705413357643,WT,NA,WT,NA,NA,NA
TCGA-19-2625,mutant,TCGA,wildtype,1.4240083607172562,Missense_other,p.C238Y|p.Y205C,Other_missense,2,p.C238Y|p.Y205C,Missense_Mutation
TCGA-19-2629,wildtype,TCGA,mutant,1.066054737627507,WT,NA,WT,NA,NA,NA
TCGA-19-2631,wildtype,TCGA,wildtype,0.3466449215885268,WT,NA,WT,NA,NA,NA
TCGA-19-4065,mutant,TCGA,wildtype,0.6655746883286704,Missense_other,p.P152L,Other_missense,1,p.P152L,Missense_Mutation
TCGA-19-4068,wildtype,TCGA,wildtype,0.424169648802638,WT,NA,WT,NA,NA,NA
TCGA-19-5947,wildtype,TCGA,wildtype,0.39604985762503087,WT,NA,WT,NA,NA,NA
TCGA-19-5955,wildtype,TCGA,wildtype,0.3634514570717129,WT,NA,WT,NA,NA,NA
TCGA-19-5956,mutant,TCGA,wildtype,1.0757379823940785,Truncating,p.Q192*|p.Y327*,Truncating,2,p.Q192*|p.Y327*,Nonsense_Mutation
TCGA-19-5958,wildtype,TCGA,wildtype,0.24232811627952333,WT,NA,WT,NA,NA,NA
TCGA-19-5959,wildtype,TCGA,wildtype,0.2030131707745,WT,NA,WT,NA,NA,NA
TCGA-19-5960,wildtype,TCGA,wildtype,1.7288347789848233,WT,NA,WT,NA,NA,NA
TCGA-19-A60I,wildtype,TCGA,wildtype,0.7859271307337806,WT,NA,WT,NA,NA,NA
TCGA-26-1442,mutant,TCGA,mutant,1.4739946655177236,p.R273C,p.R273C,Hotspot,1,p.R273C,Missense_Mutation
TCGA-26-5133,mutant,TCGA,wildtype,1.1866907070252006,Missense_other,p.Y234C,Other_missense,1,p.Y234C,Missense_Mutation
TCGA-26-5134,wildtype,TCGA,wildtype,1.9636590730221093,WT,NA,WT,NA,NA,NA
TCGA-26-5135,wildtype,TCGA,wildtype,1.4725917457369329,WT,NA,WT,NA,NA,NA
TCGA-26-5136,mutant,TCGA,wildtype,3.0798218177518684,Missense_other,p.K132N,Other_missense,1,p.K132N,Missense_Mutation
TCGA-26-5139,wildtype,TCGA,wildtype,0.6037865531232991,WT,NA,WT,NA,NA,NA
TCGA-27-1830,mutant,TCGA,wildtype,2.366364182945645,p.R248Q,p.R248Q,Hotspot,1,p.R248Q,Missense_Mutation
TCGA-27-1831,wildtype,TCGA,wildtype,1.0027385198069287,WT,NA,WT,NA,NA,NA
TCGA-27-1832,wildtype,TCGA,wildtype,1.8957291616449643,WT,NA,WT,NA,NA,NA
TCGA-27-1834,wildtype,TCGA,wildtype,2.1089592906159336,WT,NA,WT,NA,NA,NA
TCGA-27-1835,mutant,TCGA,wildtype,0.8526381170789891,Missense_other,p.V216M,Other_missense,1,p.V216M,Missense_Mutation
TCGA-27-1837,wildtype,TCGA,wildtype,1.6731493366124848,WT,NA,WT,NA,NA,NA
TCGA-27-2519,mutant,TCGA,wildtype,1.2565276268922092,Truncating,p.R282Gfs*63,Hotspot,1,p.R282Gfs*63,Frame_Shift_Del
TCGA-27-2521,mutant,TCGA,mutant,1.2793524281284665,Truncating,p.L264Yfs*81,Truncating,1,p.L264Yfs*81,Frame_Shift_Del
TCGA-27-2523,wildtype,TCGA,wildtype,1.4578043905265834,WT,NA,WT,NA,NA,NA
TCGA-27-2524,wildtype,TCGA,wildtype,0.972104429118326,WT,NA,WT,NA,NA,NA
TCGA-27-2526,wildtype,TCGA,wildtype,1.560127976081264,WT,NA,WT,NA,NA,NA
TCGA-27-2528,wildtype,TCGA,wildtype,0.5337626705470877,WT,NA,WT,NA,NA,NA
TCGA-28-1753,mutant,TCGA,wildtype,2.040015678847879,p.R273H,p.R273H,Hotspot,1,p.R273H,Missense_Mutation
TCGA-28-2499,wildtype,TCGA,wildtype,1.3007094716500966,WT,NA,WT,NA,NA,NA
TCGA-28-2509,mutant,TCGA,wildtype,1.2302030133664217,Missense_other,p.C242Y,Other_missense,1,p.C242Y,Missense_Mutation
TCGA-28-2513,wildtype,TCGA,wildtype,1.2597846846829783,WT,NA,WT,NA,NA,NA
TCGA-28-2514,wildtype,TCGA,wildtype,0.8272499622434906,WT,NA,WT,NA,NA,NA
TCGA-28-5204,wildtype,TCGA,wildtype,2.0216929178215315,WT,NA,WT,NA,NA,NA
TCGA-28-5208,wildtype,TCGA,wildtype,1.2957230245399685,WT,NA,WT,NA,NA,NA
TCGA-28-5209,wildtype,TCGA,wildtype,0.7507779888534919,WT,NA,WT,NA,NA,NA
TCGA-28-5213,wildtype,TCGA,wildtype,0.9386998132393362,WT,NA,WT,NA,NA,NA
TCGA-28-5215,wildtype,TCGA,wildtype,1.5210004679053,WT,NA,WT,NA,NA,NA
TCGA-28-5216,mutant,TCGA,wildtype,0.7819891158647039,Missense_other,p.R249M,Other_missense,1,p.R249M,Missense_Mutation
TCGA-28-5218,wildtype,TCGA,wildtype,1.940204344652039,WT,NA,WT,NA,NA,NA
TCGA-28-5220,wildtype,TCGA,wildtype,0.9961717835115194,WT,NA,WT,NA,NA,NA
TCGA-32-1970,mutant,TCGA,wildtype,1.4323180669495237,Missense_other,p.R267P,Other_missense,1,p.R267P,Missense_Mutation
TCGA-32-1980,wildtype,TCGA,wildtype,1.3673151461523738,WT,NA,WT,NA,NA,NA
TCGA-32-1982,wildtype,TCGA,wildtype,1.4646159944970203,WT,NA,WT,NA,NA,NA
TCGA-32-2615,wildtype,TCGA,wildtype,1.7539895458559729,WT,NA,WT,NA,NA,NA
TCGA-32-2616,mutant,TCGA,wildtype,1.7190958025859489,p.R175H,p.R175H,Hotspot,1,p.R175H,Missense_Mutation
TCGA-32-2632,wildtype,TCGA,wildtype,2.339992484247724,WT,NA,WT,NA,NA,NA
TCGA-32-2634,mutant,TCGA,wildtype,2.0131048916994865,Missense_other,p.I254S,Other_missense,1,p.I254S,Missense_Mutation
TCGA-32-2638,wildtype,TCGA,wildtype,1.8220366720233137,WT,NA,WT,NA,NA,NA
TCGA-32-4213,wildtype,TCGA,wildtype,1.5405728897776612,WT,NA,WT,NA,NA,NA
TCGA-32-5222,wildtype,TCGA,wildtype,0.6875982385072822,WT,NA,WT,NA,NA,NA
TCGA-41-2571,wildtype,TCGA,wildtype,1.0305479641629662,WT,NA,WT,NA,NA,NA
TCGA-41-2572,wildtype,TCGA,wildtype,1.587701020528085,WT,NA,WT,NA,NA,NA
TCGA-41-3915,mutant,TCGA,wildtype,1.8270060096389769,Other_nonsilent,p.G334_R337del,Other_missense,1,p.G334_R337del,In_Frame_Del
TCGA-41-4097,wildtype,TCGA,wildtype,1.5525246286738006,WT,NA,WT,NA,NA,NA
TCGA-41-5651,mutant,TCGA,wildtype,1.221938931628624,Splice_Site,p.X126_splice,Truncating,1,p.X126_splice,Splice_Site
TCGA-76-4925,mutant,TCGA,wildtype,1.0104934192484525,Missense_other,p.R249T,Other_missense,1,p.R249T,Missense_Mutation
TCGA-76-4926,wildtype,TCGA,wildtype,0.8393146634551493,WT,NA,WT,NA,NA,NA
TCGA-76-4927,wildtype,TCGA,wildtype,0.655351828612554,WT,NA,WT,NA,NA,NA
TCGA-76-4928,wildtype,TCGA,wildtype,0.8131963002812241,WT,NA,WT,NA,NA,NA
TCGA-76-4929,mutant,TCGA,wildtype,1.678252230722633,Truncating,p.P152S|p.R342*,Truncating,2,p.P152S|p.R342*,Missense_Mutation|Nonsense_Mutation
TCGA-76-4931,wildtype,TCGA,wildtype,1.1414327909292956,WT,NA,WT,NA,NA,NA
TCGA-76-4932,wildtype,TCGA,wildtype,0.6422856830595769,WT,NA,WT,NA,NA,NA
NA,mutant,CPTAC_HCMI,wildtype,0.6729231273138592,Missense_other,p.G266R,NA,NA,NA,NA
NA,mutant,CPTAC_HCMI,wildtype,1.0211243400356065,Missense_other,p.K132R,NA,NA,NA,NA
NA,wildtype,CPTAC_HCMI,wildtype,1.3771792897366386,WT,NA,WT,NA,NA,NA
NA,mutant,CPTAC_HCMI,wildtype,0.9809027185664564,p.R248Q,p.R158H|p.R248Q,NA,NA,NA,NA
NA,wildtype,CPTAC_HCMI,wildtype,0.30240679455772584,WT,NA,WT,NA,NA,NA
NA,wildtype,CPTAC_HCMI,wildtype,1.5715311984135325,WT,NA,WT,NA,NA,NA
NA,wildtype,CPTAC_HCMI,wildtype,0.7950188128592285,WT,NA,WT,NA,NA,NA
NA,wildtype,CPTAC_HCMI,wildtype,1.0880058712900202,WT,NA,WT,NA,NA,NA
NA,mutant,CPTAC_HCMI,wildtype,0.9983399459888642,Missense_other,p.L130P,NA,NA,NA,NA
NA,mutant,CPTAC_HCMI,wildtype,1.4945180163487668,Truncating,p.W91*,NA,NA,NA,NA
NA,wildtype,CPTAC_HCMI,wildtype,0.31057279459715426,WT,NA,WT,NA,NA,NA
NA,wildtype,CPTAC_HCMI,wildtype,1.162467867615304,WT,NA,WT,NA,NA,NA
NA,wildtype,CPTAC_HCMI,wildtype,0.6158870739160568,WT,NA,WT,NA,NA,NA
NA,wildtype,CPTAC_HCMI,wildtype,1.0727918181067024,WT,NA,WT,NA,NA,NA
NA,wildtype,CPTAC_HCMI,wildtype,0.9177754406011158,WT,NA,WT,NA,NA,NA
NA,wildtype,CPTAC_HCMI,wildtype,0.9971839981752958,WT,NA,WT,NA,NA,NA
NA,wildtype,CPTAC_HCMI,wildtype,0.6176746254686815,WT,NA,WT,NA,NA,NA
NA,wildtype,CPTAC_HCMI,wildtype,0.5140970048942335,WT,NA,WT,NA,NA,NA
NA,mutant,CPTAC_HCMI,wildtype,0.6096604181152067,Missense_other,p.I195N,NA,NA,NA,NA
NA,wildtype,CPTAC_HCMI,wildtype,0.5975073376780047,WT,NA,WT,NA,NA,NA
NA,wildtype,CPTAC_HCMI,wildtype,0.64929354696714,WT,NA,WT,NA,NA,NA
NA,mutant,CPTAC_HCMI,wildtype,0.6547104882859716,Missense_other,p.D281G,NA,NA,NA,NA
NA,mutant,CPTAC_HCMI,mutant,1.18947668909787,p.R248W,p.R248W,NA,NA,NA,NA
NA,mutant,CPTAC_HCMI,wildtype,2.010994616071589,Missense_other,p.V197M,NA,NA,NA,NA
NA,wildtype,CPTAC_HCMI,wildtype,1.1148334098493229,WT,NA,WT,NA,NA,NA
NA,mutant,CPTAC_HCMI,wildtype,1.586068143143711,Missense_other,p.R156G,NA,NA,NA,NA
NA,mutant,CPTAC_HCMI,wildtype,1.249991368358195,Splice_Site,p.X33_splice,NA,NA,NA,NA
NA,mutant,CPTAC_HCMI,wildtype,0.8205670334844551,Missense_other,p.I162F,NA,NA,NA,NA
NA,mutant,CPTAC_HCMI,wildtype,1.058939854556233,Missense_other,p.C135Y|p.V173L,NA,NA,NA,NA
NA,wildtype,CPTAC_HCMI,wildtype,1.0521376233351754,WT,NA,WT,NA,NA,NA
NA,wildtype,CPTAC_HCMI,wildtype,1.1180274225907938,WT,NA,WT,NA,NA,NA
NA,wildtype,CPTAC_HCMI,wildtype,0.6892991605358918,WT,NA,WT,NA,NA,NA
NA,mutant,CPTAC_HCMI,mutant,1.98097581267874,Missense_other,p.V157F,NA,NA,NA,NA
NA,mutant,CPTAC_HCMI,mutant,0.9767302206771528,Missense_other,p.C135Y,NA,NA,NA,NA
NA,wildtype,CPTAC_HCMI,wildtype,0.8264366264225976,WT,NA,WT,NA,NA,NA
NA,mutant,CPTAC_HCMI,wildtype,0.594166328050996,Missense_other,p.I195T,NA,NA,NA,NA
NA,mutant,CPTAC_HCMI,mutant,0.7770303852008065,Missense_other,p.C238F,NA,NA,NA,NA
NA,wildtype,CPTAC_HCMI,wildtype,1.519592224420819,WT,NA,WT,NA,NA,NA
NA,wildtype,CPTAC_HCMI,wildtype,0.7836661809078286,WT,NA,WT,NA,NA,NA
NA,mutant,CPTAC_HCMI,mutant,1.8386291156317336,Missense_other,p.H214R|p.R342_L344dup,NA,NA,NA,NA
NA,wildtype,CPTAC_HCMI,wildtype,1.7801420898384706,WT,NA,WT,NA,NA,NA
NA,wildtype,CPTAC_HCMI,wildtype,1.1390110079722526,WT,NA,WT,NA,NA,NA
NA,wildtype,CPTAC_HCMI,mutant,0.7185260264622619,WT,NA,WT,NA,NA,NA
NA,wildtype,CPTAC_HCMI,wildtype,0.8664728297158477,WT,NA,WT,NA,NA,NA
NA,mutant,CPTAC_HCMI,wildtype,1.105745116069354,p.R175H,p.R175H,NA,NA,NA,NA
NA,wildtype,CPTAC_HCMI,wildtype,1.4390911703531215,WT,NA,WT,NA,NA,NA
NA,mutant,CPTAC_HCMI,wildtype,0.8368128561956083,Other_nonsilent,p.F113del,NA,NA,NA,NA
NA,wildtype,CPTAC_HCMI,wildtype,0.9164766444377164,WT,NA,WT,NA,NA,NA
NA,wildtype,CPTAC_HCMI,wildtype,0.767993717611875,WT,NA,WT,NA,NA,NA
NA,wildtype,CPTAC_HCMI,wildtype,0.5265696604977834,WT,NA,WT,NA,NA,NA
NA,mutant,CPTAC_HCMI,wildtype,0.5894758779118472,Missense_other,p.P190S,NA,NA,NA,NA
NA,mutant,CPTAC_HCMI,wildtype,0.5691994125344207,Missense_other,p.F270C,NA,NA,NA,NA
NA,mutant,CPTAC_HCMI,wildtype,1.1636919374311567,Missense_other,p.T125K,NA,NA,NA,NA
NA,mutant,CPTAC_HCMI,wildtype,1.1333662431042155,Missense_other,p.R249K,NA,NA,NA,NA
NA,wildtype,CPTAC_HCMI,wildtype,1.0115671993170428,WT,NA,WT,NA,NA,NA
NA,wildtype,CPTAC_HCMI,wildtype,1.0851526805631384,WT,NA,WT,NA,NA,NA
NA,wildtype,CPTAC_HCMI,wildtype,0.545770726110136,WT,NA,WT,NA,NA,NA
NA,wildtype,CPTAC_HCMI,wildtype,1.9237577039478169,WT,NA,WT,NA,NA,NA
NA,mutant,CPTAC_HCMI,wildtype,0.4268551323242121,Missense_other,p.Y126C,NA,NA,NA,NA
NA,mutant,CPTAC_HCMI,wildtype,1.418027989926524,Missense_other,p.S215R,NA,NA,NA,NA
NA,wildtype,CPTAC_HCMI,wildtype,0.6763576867328565,WT,NA,WT,NA,NA,NA
NA,wildtype,CPTAC_HCMI,wildtype,1.0777215387660812,WT,NA,WT,NA,NA,NA
NA,wildtype,CPTAC_HCMI,wildtype,0.7723079749584033,WT,NA,WT,NA,NA,NA
NA,wildtype,CPTAC_HCMI,wildtype,1.0412429822318814,WT,NA,WT,NA,NA,NA
NA,wildtype,CPTAC_HCMI,wildtype,1.2686140455336408,WT,NA,WT,NA,NA,NA
NA,mutant,CPTAC_HCMI,wildtype,0.5650121808982247,Missense_other,p.I195N,NA,NA,NA,NA
NA,wildtype,CPTAC_HCMI,mutant,1.9356860351621783,WT,NA,WT,NA,NA,NA
NA,wildtype,CPTAC_HCMI,wildtype,1.4738907923057205,WT,NA,WT,NA,NA,NA
NA,wildtype,CPTAC_HCMI,wildtype,0.7140476487777668,WT,NA,WT,NA,NA,NA
NA,wildtype,CPTAC_HCMI,wildtype,0.5719194632455572,WT,NA,WT,NA,NA,NA
NA,wildtype,CPTAC_HCMI,wildtype,0.48872065289528366,WT,NA,WT,NA,NA,NA
NA,wildtype,CPTAC_HCMI,wildtype,0.4608997971875319,WT,NA,WT,NA,NA,NA
NA,mutant,CPTAC_HCMI,mutant,2.165493938876343,Missense_other,p.R273G,NA,NA,NA,NA
NA,wildtype,CPTAC_HCMI,wildtype,1.0063339337220505,WT,NA,WT,NA,NA,NA
NA,wildtype,CPTAC_HCMI,wildtype,0.3182300600759185,WT,NA,WT,NA,NA,NA
NA,wildtype,CPTAC_HCMI,wildtype,0.9615492470503938,WT,NA,WT,NA,NA,NA
NA,wildtype,CPTAC_HCMI,mutant,1.1958515085756445,WT,NA,WT,NA,NA,NA
NA,mutant,CPTAC_HCMI,mutant,0.6159812108147812,p.R273H,p.R273H|p.S106R,NA,NA,NA,NA
NA,wildtype,CPTAC_HCMI,wildtype,0.6152279435788257,WT,NA,WT,NA,NA,NA
NA,wildtype,CPTAC_HCMI,wildtype,0.32331241775790276,WT,NA,WT,NA,NA,NA
NA,wildtype,CPTAC_HCMI,wildtype,1.5386374851706432,WT,NA,WT,NA,NA,NA
NA,mutant,CPTAC_HCMI,mutant,1.8072724799854716,p.R282W,p.R282W|p.S127F,NA,NA,NA,NA
NA,wildtype,CPTAC_HCMI,wildtype,0.7259592345091875,WT,NA,WT,NA,NA,NA
NA,wildtype,CPTAC_HCMI,wildtype,1.0971388098352977,WT,NA,WT,NA,NA,NA
NA,mutant,CPTAC_HCMI,wildtype,1.3955564129865532,Missense_other,p.Y163C,NA,NA,NA,NA
NA,wildtype,CPTAC_HCMI,wildtype,0.6349649294359976,WT,NA,WT,NA,NA,NA
NA,wildtype,CPTAC_HCMI,wildtype,1.6559928839623106,WT,NA,WT,NA,NA,NA
NA,wildtype,CPTAC_HCMI,wildtype,0.22181522787370225,WT,NA,WT,NA,NA,NA
NA,wildtype,CPTAC_HCMI,wildtype,1.2654969070738729,WT,NA,WT,NA,NA,NA
NA,wildtype,CPTAC_HCMI,wildtype,0.5905301643198206,WT,NA,WT,NA,NA,NA
NA,wildtype,CPTAC_HCMI,wildtype,0.46037561920665776,WT,NA,WT,NA,NA,NA
NA,wildtype,CPTAC_HCMI,wildtype,1.241779180370476,WT,NA,WT,NA,NA,NA
NA,wildtype,CPTAC_HCMI,wildtype,0.7534333879268804,WT,NA,WT,NA,NA,NA
NA,wildtype,CPTAC_HCMI,wildtype,0.5270703355126606,WT,NA,WT,NA,NA,NA
NA,mutant,CPTAC_HCMI,wildtype,0.8441445810593434,Missense_other,p.G266E,NA,NA,NA,NA
NA,mutant,CPTAC_HCMI,wildtype,0.7814856159616563,Missense_other,p.R280T,NA,NA,NA,NA
NA,wildtype,CPTAC_HCMI,wildtype,1.067294521468532,WT,NA,WT,NA,NA,NA
NA,mutant,CPTAC_HCMI,wildtype,1.1366507701601194,p.R175H,p.R175H,NA,NA,NA,NA
NA,wildtype,CPTAC_HCMI,wildtype,0.7560839084974317,WT,NA,WT,NA,NA,NA
NA,mutant,CPTAC_HCMI,wildtype,0.6394174091458965,Splice_Site,p.X126_splice,NA,NA,NA,NA
NA,wildtype,CPTAC_HCMI,wildtype,1.8426973028498013,WT,NA,WT,NA,NA,NA
NA,mutant,CPTAC_HCMI,wildtype,1.022474346574899,Missense_other,p.P151H,NA,NA,NA,NA
NA,wildtype,CPTAC_HCMI,wildtype,1.2551381254786935,WT,NA,WT,NA,NA,NA
NA,wildtype,CPTAC_HCMI,wildtype,0.5328655031063249,WT,NA,WT,NA,NA,NA
NA,wildtype,CPTAC_HCMI,wildtype,0.902729639233376,WT,NA,WT,NA,NA,NA
NA,wildtype,CPTAC_HCMI,wildtype,1.0522767654523582,WT,NA,WT,NA,NA,NA
NA,wildtype,CPTAC_HCMI,wildtype,2.315392331324316,WT,NA,WT,NA,NA,NA
NA,mutant,CPTAC_HCMI,wildtype,1.1168970182882625,Truncating,p.E343Afs*3,NA,NA,NA,NA
NA,wildtype,CPTAC_HCMI,wildtype,1.0522071960712287,WT,NA,WT,NA,NA,NA
NA,wildtype,CPTAC_HCMI,wildtype,0.954791880875085,WT,NA,WT,NA,NA,NA
NA,wildtype,CPTAC_HCMI,wildtype,0.60055521900627,WT,NA,WT,NA,NA,NA
NA,wildtype,CPTAC_HCMI,wildtype,2.0870893894968563,WT,NA,WT,NA,NA,NA
NA,mutant,CPTAC_HCMI,wildtype,0.7862617851173015,Missense_other,p.V272M,NA,NA,NA,NA
NA,wildtype,CPTAC_HCMI,wildtype,0.5201456268808256,WT,NA,WT,NA,NA,NA
NA,wildtype,CPTAC_HCMI,wildtype,0.6716556993600769,WT,NA,WT,NA,NA,NA
NA,wildtype,CPTAC_HCMI,wildtype,0.4970246941775304,WT,NA,WT,NA,NA,NA
NA,wildtype,CPTAC_HCMI,wildtype,1.4015212501086,WT,NA,WT,NA,NA,NA
NA,wildtype,CPTAC_HCMI,wildtype,0.548239319575263,WT,NA,WT,NA,NA,NA
NA,mutant,CPTAC_HCMI,wildtype,0.9469553866431188,p.R248W,p.R248W,NA,NA,NA,NA
NA,wildtype,CPTAC_HCMI,wildtype,1.3643483069200926,WT,NA,WT,NA,NA,NA
NA,wildtype,CPTAC_HCMI,wildtype,0.5135918064995733,WT,NA,WT,NA,NA,NA
NA,wildtype,CPTAC_HCMI,wildtype,0.902729639233376,WT,NA,WT,NA,NA,NA
NA,wildtype,CPTAC_HCMI,wildtype,0.8624315535124526,WT,NA,WT,NA,NA,NA
NA,mutant,CPTAC_HCMI,wildtype,1.796223950434117,p.R175H,p.R175H,NA,NA,NA,NA
NA,wildtype,CPTAC_HCMI,wildtype,1.0820212693455022,WT,NA,WT,NA,NA,NA
NA,wildtype,CPTAC_HCMI,wildtype,1.746957642413648,WT,NA,WT,NA,NA,NA
NA,mutant,CPTAC_HCMI,wildtype,2.2150572809045745,p.R282W,p.R282W,NA,NA,NA,NA
NA,wildtype,CPTAC_HCMI,wildtype,1.3771237491294872,WT,NA,WT,NA,NA,NA
NA,wildtype,CPTAC_HCMI,wildtype,1.922426225312796,WT,NA,WT,NA,NA,NA
NA,mutant,CPTAC_HCMI,wildtype,2.0717626693000915,Truncating,p.E298*,NA,NA,NA,NA
NA,mutant,CPTAC_HCMI,mutant,1.6209147914598871,Missense_other,p.C238F,NA,NA,NA,NA
NA,wildtype,CPTAC_HCMI,wildtype,0.9897203290406048,WT,NA,WT,NA,NA,NA
NA,wildtype,CPTAC_HCMI,wildtype,0.9391513374329616,WT,NA,WT,NA,NA,NA
NA,mutant,CPTAC_HCMI,wildtype,1.427391629686718,Truncating,p.P191Sfs*18,NA,NA,NA,NA
NA,wildtype,CPTAC_HCMI,wildtype,2.9201217674860325,WT,NA,WT,NA,NA,NA
NA,wildtype,CPTAC_HCMI,wildtype,0.614097304774179,WT,NA,WT,NA,NA,NA
NA,wildtype,CPTAC_HCMI,wildtype,0.9702646790145288,WT,NA,WT,NA,NA,NA
NA,wildtype,CPTAC_HCMI,wildtype,1.257614130049541,WT,NA,WT,NA,NA,NA
NA,mutant,CPTAC_HCMI,wildtype,0.6559013220645938,Missense_other,p.P152R|p.V274L,NA,NA,NA,NA
NA,wildtype,CPTAC_HCMI,wildtype,0.6217119771490244,WT,NA,WT,NA,NA,NA
NA,wildtype,CPTAC_HCMI,wildtype,0.6215244436714578,WT,NA,WT,NA,NA,NA
NA,wildtype,CPTAC_HCMI,wildtype,1.3635075265239611,WT,NA,WT,NA,NA,NA
NA,mutant,CPTAC_HCMI,wildtype,0.7030120792508725,Missense_other,p.A161dup|p.R156G,NA,NA,NA,NA
NA,mutant,CPTAC_HCMI,wildtype,1.6183796286790535,p.R273H,p.R273H,NA,NA,NA,NA
NA,wildtype,CPTAC_HCMI,wildtype,0.2348691517053808,WT,NA,WT,NA,NA,NA
NA,wildtype,CPTAC_HCMI,wildtype,1.5787938326767526,WT,NA,WT,NA,NA,NA
NA,wildtype,CPTAC_HCMI,wildtype,2.5142990347280447,WT,NA,WT,NA,NA,NA
NA,wildtype,CPTAC_HCMI,wildtype,2.0842343838902444,WT,NA,WT,NA,NA,NA
NA,wildtype,CPTAC_HCMI,wildtype,1.7521919547928246,WT,NA,WT,NA,NA,NA
NA,mutant,CPTAC_HCMI,wildtype,1.5430503856483728,Missense_other,p.V216M,NA,NA,NA,NA
NA,mutant,CPTAC_HCMI,wildtype,1.4001006830154812,Other_nonsilent,p.R156_V157delinsA,NA,NA,NA,NA
NA,wildtype,CPTAC_HCMI,wildtype,1.1694760931513468,WT,NA,WT,NA,NA,NA
NA,mutant,CPTAC_HCMI,wildtype,0.9044262926015074,Missense_other,p.T256P,NA,NA,NA,NA
NA,wildtype,CPTAC_HCMI,wildtype,0.7827440363952003,WT,NA,WT,NA,NA,NA
NA,mutant,CPTAC_HCMI,wildtype,1.561350578348369,Truncating,p.R342*,NA,NA,NA,NA
NA,wildtype,CPTAC_HCMI,wildtype,0.6461626571578936,WT,NA,WT,NA,NA,NA
NA,mutant,CPTAC_HCMI,wildtype,1.0853566671369514,Missense_other,p.V197L,NA,NA,NA,NA
NA,wildtype,CPTAC_HCMI,wildtype,1.031818625826357,WT,NA,WT,NA,NA,NA
NA,wildtype,CPTAC_HCMI,wildtype,0.8159852272010442,WT,NA,WT,NA,NA,NA
NA,wildtype,CPTAC_HCMI,wildtype,1.1467855409887004,WT,NA,WT,NA,NA,NA
NA,mutant,CPTAC_HCMI,wildtype,0.5057893279100704,Missense_other,p.P151A,NA,NA,NA,NA
NA,wildtype,CPTAC_HCMI,wildtype,0.6686637777002207,WT,NA,WT,NA,NA,NA
NA,wildtype,CPTAC_HCMI,wildtype,1.1269728562577654,WT,NA,WT,NA,NA,NA
NA,mutant,CPTAC_HCMI,wildtype,1.598126959919604,Truncating,p.Q104*,NA,NA,NA,NA
NA,wildtype,CPTAC_HCMI,wildtype,1.1270389122107491,WT,NA,WT,NA,NA,NA
NA,wildtype,CPTAC_HCMI,mutant,0.7559130540395237,WT,NA,WT,NA,NA,NA
NA,wildtype,CPTAC_HCMI,wildtype,1.239092482941906,WT,NA,WT,NA,NA,NA
NA,wildtype,CPTAC_HCMI,wildtype,1.030124161455129,WT,NA,WT,NA,NA,NA
NA,wildtype,CPTAC_HCMI,wildtype,0.9670948105024628,WT,NA,WT,NA,NA,NA
NA,wildtype,CPTAC_HCMI,wildtype,0.801903614678655,WT,NA,WT,NA,NA,NA
NA,wildtype,CPTAC_HCMI,wildtype,0.8151655140875776,WT,NA,WT,NA,NA,NA
NA,mutant,CPTAC_HCMI,wildtype,0.8489583827923953,Other_nonsilent,p.N131del,NA,NA,NA,NA
NA,wildtype,CPTAC_HCMI,wildtype,0.7564255567237372,WT,NA,WT,NA,NA,NA
NA,mutant,CPTAC_HCMI,mutant,1.714355433101084,p.R273H,p.R273H,NA,NA,NA,NA
NA,mutant,CPTAC_HCMI,mutant,1.3472687897240383,p.R175H,p.R175H|p.R342*,NA,NA,NA,NA
NA,mutant,CPTAC_HCMI,wildtype,1.1160985522365798,Missense_other,p.V272M,NA,NA,NA,NA
NA,mutant,CPTAC_HCMI,wildtype,0.8357624186946913,Missense_other,p.V216M,NA,NA,NA,NA
NA,wildtype,CPTAC_HCMI,wildtype,0.4844990821225157,WT,NA,WT,NA,NA,NA
NA,wildtype,CPTAC_HCMI,wildtype,0.7670614976804889,WT,NA,WT,NA,NA,NA
NA,wildtype,CPTAC_HCMI,wildtype,0.4362684647193904,WT,NA,WT,NA,NA,NA
NA,wildtype,CPTAC_HCMI,wildtype,0.4651908879259823,WT,NA,WT,NA,NA,NA
NA,mutant,CPTAC_HCMI,wildtype,1.7093788712538516,Truncating,p.R196*|p.R213L,NA,NA,NA,NA
NA,mutant,CPTAC_HCMI,wildtype,0.9057359776670264,Missense_other,p.L194P,NA,NA,NA,NA
NA,wildtype,CPTAC_HCMI,wildtype,0.4655043696295056,WT,NA,WT,NA,NA,NA
NA,wildtype,CPTAC_HCMI,wildtype,0.2389091166984043,WT,NA,WT,NA,NA,NA
NA,wildtype,CPTAC_HCMI,wildtype,0.6112668250730647,WT,NA,WT,NA,NA,NA
NA,wildtype,CPTAC_HCMI,wildtype,0.3974744170458981,WT,NA,WT,NA,NA,NA
NA,mutant,CPTAC_HCMI,wildtype,0.5613016941453693,p.R175H,p.P322Hfs*23|p.R175H,NA,NA,NA,NA
NA,wildtype,CPTAC_HCMI,wildtype,0.5903385331790875,WT,NA,WT,NA,NA,NA
NA,wildtype,CPTAC_HCMI,wildtype,0.7256975369468612,WT,NA,WT,NA,NA,NA
NA,mutant,CPTAC_HCMI,wildtype,0.5350575948948424,p.R248W,p.R248W,NA,NA,NA,NA
NA,mutant,CPTAC_HCMI,wildtype,1.5876530210923214,Truncating,p.G154Afs*16,NA,NA,NA,NA
NA,mutant,CPTAC_HCMI,wildtype,0.3014705874899018,Missense_other,p.Y126H,NA,NA,NA,NA
NA,mutant,CPTAC_HCMI,wildtype,1.1189576791895526,Missense_other,p.H179Y,NA,NA,NA,NA
NA,mutant,CPTAC_HCMI,wildtype,1.6403432820058663,Missense_other,p.R273L,NA,NA,NA,NA
NA,wildtype,CPTAC_HCMI,wildtype,0.7870980816110046,WT,NA,WT,NA,NA,NA
NA,mutant,CPTAC_HCMI,wildtype,1.4771073893133662,Missense_other,p.P190L,NA,NA,NA,NA
