wxs_sample_id,case_barcode,source,tp53_status,idh_status,LAG3_log2tpm,tp53_HGVSp,tp53_classifications,tp53_subgroup_orig,tp53_class4,classify_method
TCGA-02-0003-01A,TCGA-02-0003,TCGA,mutant,wildtype,0.5922537001149073,p.H178Q|p.R282W,Missense_Mutation,p.R282W,Hotspot,HGVSp
TCGA-02-0033-01A,TCGA-02-0033,TCGA,mutant,wildtype,0.5807243763087195,p.R248Q,Missense_Mutation,p.R248Q,Hotspot,HGVSp
TCGA-02-0047-01A,TCGA-02-0047,TCGA,wildtype,wildtype,0.42373950716531633,NA,NA,WT,WT,tp53_status
TCGA-02-0055-01A,TCGA-02-0055,TCGA,mutant,wildtype,0.31103803002230457,p.V216M,Missense_Mutation,Missense_other,Other_missense,tp53_classifications
TCGA-02-2466-01A,TCGA-02-2466,TCGA,wildtype,wildtype,0.2950176651512979,NA,NA,WT,WT,tp53_status
TCGA-02-2470-01A,TCGA-02-2470,TCGA,wildtype,wildtype,0.09153059312061654,NA,NA,WT,WT,tp53_status
TCGA-02-2483-01A,TCGA-02-2483,TCGA,mutant,mutant,2.003961966152422,p.R273H,Missense_Mutation,p.R273H,Hotspot,HGVSp
TCGA-02-2485-01A,TCGA-02-2485,TCGA,mutant,wildtype,1.3304436682290093,p.R248Q|p.S127Y,Missense_Mutation,p.R248Q,Hotspot,HGVSp
TCGA-02-2486-01A,TCGA-02-2486,TCGA,wildtype,wildtype,2.793458951274637,NA,NA,WT,WT,tp53_status
TCGA-06-0125-01A,TCGA-06-0125,TCGA,wildtype,wildtype,0.4245996622308257,NA,NA,WT,WT,tp53_status
TCGA-06-0129-01A,TCGA-06-0129,TCGA,mutant,mutant,4.162097220629027,p.R248Q,Missense_Mutation,p.R248Q,Hotspot,HGVSp
TCGA-06-0130-01A,TCGA-06-0130,TCGA,mutant,wildtype,4.305102308781792,p.R158H,Missense_Mutation,Missense_other,Other_missense,tp53_classifications
TCGA-06-0132-01A,TCGA-06-0132,TCGA,wildtype,wildtype,0.15016970629570192,NA,NA,WT,WT,tp53_status
TCGA-06-0139-01A,TCGA-06-0139,TCGA,wildtype,wildtype,0.9178518039750064,NA,NA,WT,WT,tp53_status
TCGA-06-0140-01A,TCGA-06-0140,TCGA,wildtype,wildtype,1.1129669649581757,NA,NA,WT,WT,tp53_status
TCGA-06-0141-01A,TCGA-06-0141,TCGA,wildtype,wildtype,0.6121165522248829,NA,NA,WT,WT,tp53_status
TCGA-06-0145-01A,TCGA-06-0145,TCGA,wildtype,wildtype,0.568907674127396,NA,NA,WT,WT,tp53_status
TCGA-06-0152-01A,TCGA-06-0152,TCGA,wildtype,wildtype,0.4537546068516975,NA,NA,WT,WT,tp53_status
TCGA-06-0154-01A,TCGA-06-0154,TCGA,wildtype,wildtype,0.6214306677904478,NA,NA,WT,WT,tp53_status
TCGA-06-0155-01B,TCGA-06-0155,TCGA,wildtype,wildtype,0.969528121567127,NA,NA,WT,WT,tp53_status
TCGA-06-0157-01A,TCGA-06-0157,TCGA,wildtype,wildtype,0.5711428290617319,NA,NA,WT,WT,tp53_status
TCGA-06-0158-01A,TCGA-06-0158,TCGA,wildtype,wildtype,0.5045695476295113,NA,NA,WT,WT,tp53_status
TCGA-06-0166-01A,TCGA-06-0166,TCGA,wildtype,wildtype,0.7104372769069142,NA,NA,WT,WT,tp53_status
TCGA-06-0167-01A,TCGA-06-0167,TCGA,wildtype,wildtype,0.1534162422552479,NA,NA,WT,WT,tp53_status
TCGA-06-0168-01A,TCGA-06-0168,TCGA,wildtype,wildtype,1.5345596846083165,NA,NA,WT,WT,tp53_status
TCGA-06-0169-01A,TCGA-06-0169,TCGA,wildtype,wildtype,0.21325395073353415,NA,NA,WT,WT,tp53_status
TCGA-06-0171-01A,TCGA-06-0171,TCGA,wildtype,wildtype,0.14834844991564902,NA,NA,WT,WT,tp53_status
TCGA-06-0174-01A,TCGA-06-0174,TCGA,wildtype,wildtype,0.56958830533033,NA,NA,WT,WT,tp53_status
TCGA-06-0178-01A,TCGA-06-0178,TCGA,wildtype,wildtype,2.1342538025991193,NA,NA,WT,WT,tp53_status
TCGA-06-0184-01A,TCGA-06-0184,TCGA,mutant,wildtype,0.36053283865776137,p.R158H,Missense_Mutation,Missense_other,Other_missense,tp53_classifications
TCGA-06-0185-01A,TCGA-06-0185,TCGA,wildtype,wildtype,0.1552311162992788,NA,NA,WT,WT,tp53_status
TCGA-06-0187-01A,TCGA-06-0187,TCGA,wildtype,wildtype,0.34164424053016007,NA,NA,WT,WT,tp53_status
TCGA-06-0190-01A,TCGA-06-0190,TCGA,mutant,wildtype,0.506601942191015,p.G245S,Missense_Mutation,p.G245S,Other_missense,tp53_classifications
TCGA-06-0192-01B,TCGA-06-0192,TCGA,wildtype,wildtype,0.6714745472954379,NA,NA,WT,WT,tp53_status
TCGA-06-0195-01B,TCGA-06-0195,TCGA,mutant,wildtype,0.3103401206121505,p.D281A|p.G266R,Missense_Mutation,Missense_other,Other_missense,tp53_classifications
TCGA-06-0210-01B,TCGA-06-0210,TCGA,mutant,wildtype,0.4859419834124194,p.R248Q,Missense_Mutation,p.R248Q,Hotspot,HGVSp
TCGA-06-0214-01A,TCGA-06-0214,TCGA,wildtype,wildtype,0.6453327536248619,NA,NA,WT,WT,tp53_status
TCGA-06-0216-01B,TCGA-06-0216,TCGA,wildtype,wildtype,0.4188915560074607,NA,NA,WT,WT,tp53_status
TCGA-06-0219-01A,TCGA-06-0219,TCGA,wildtype,wildtype,0.2926639733968575,NA,NA,WT,WT,tp53_status
TCGA-06-0238-01A,TCGA-06-0238,TCGA,mutant,wildtype,0.7345687304505893,p.N239_S241del,In_Frame_Del,Other_nonsilent,Other_missense,tp53_classifications
TCGA-06-0644-01A,TCGA-06-0644,TCGA,mutant,wildtype,0.20439116292978057,p.Y220C,Missense_Mutation,Missense_other,Other_missense,tp53_classifications
TCGA-06-0645-01A,TCGA-06-0645,TCGA,wildtype,wildtype,0.4023947505006149,NA,NA,WT,WT,tp53_status
TCGA-06-0646-01A,TCGA-06-0646,TCGA,wildtype,wildtype,0.7129038746345187,NA,NA,WT,WT,tp53_status
TCGA-06-0648-01A,TCGA-06-0648,TCGA,wildtype,wildtype,0.636914580355878,NA,NA,WT,WT,tp53_status
TCGA-06-0649-01B,TCGA-06-0649,TCGA,wildtype,wildtype,0.6508564475944271,NA,NA,WT,WT,tp53_status
TCGA-06-0686-01A,TCGA-06-0686,TCGA,wildtype,wildtype,0.8562287982190446,NA,NA,WT,WT,tp53_status
TCGA-06-0743-01A,TCGA-06-0743,TCGA,mutant,wildtype,0.41629930547987937,p.H179R,Missense_Mutation,p.H179R,Other_missense,tp53_classifications
TCGA-06-0744-01A,TCGA-06-0744,TCGA,mutant,wildtype,0.6855365409343533,p.H179R,Missense_Mutation,p.H179R,Other_missense,tp53_classifications
TCGA-06-0745-01A,TCGA-06-0745,TCGA,wildtype,wildtype,0.6671200598065821,NA,NA,WT,WT,tp53_status
TCGA-06-0747-01A,TCGA-06-0747,TCGA,wildtype,wildtype,0.4772628493491721,NA,NA,WT,WT,tp53_status
TCGA-06-0749-01A,TCGA-06-0749,TCGA,wildtype,wildtype,0.8558302746837658,NA,NA,WT,WT,tp53_status
TCGA-06-0750-01A,TCGA-06-0750,TCGA,wildtype,wildtype,0.40610123821185984,NA,NA,WT,WT,tp53_status
TCGA-06-0875-01A,TCGA-06-0875,TCGA,mutant,wildtype,0.8527180071607374,p.R282W,Missense_Mutation,p.R282W,Hotspot,HGVSp
TCGA-06-0876-01A,TCGA-06-0876,TCGA,mutant,wildtype,0.7708713221908173,p.R248W,Missense_Mutation,p.R248W,Hotspot,HGVSp
TCGA-06-0877-01A,TCGA-06-0877,TCGA,wildtype,wildtype,0.8712128242575143,NA,NA,WT,WT,tp53_status
TCGA-06-0878-01A,TCGA-06-0878,TCGA,wildtype,wildtype,0.6771699388182449,NA,NA,WT,WT,tp53_status
TCGA-06-0879-01A,TCGA-06-0879,TCGA,wildtype,wildtype,0.4733193559174355,NA,NA,WT,WT,tp53_status
TCGA-06-0881-01A,TCGA-06-0881,TCGA,wildtype,wildtype,0.591009130839571,NA,NA,WT,WT,tp53_status
TCGA-06-0882-01A,TCGA-06-0882,TCGA,wildtype,wildtype,0.4308204965197713,NA,NA,WT,WT,tp53_status
TCGA-06-0939-01A,TCGA-06-0939,TCGA,wildtype,wildtype,0.2228045610452611,NA,NA,WT,WT,tp53_status
TCGA-06-1084-01A,TCGA-06-1084,TCGA,wildtype,wildtype,1.440314401803118,NA,NA,WT,WT,tp53_status
TCGA-06-1087-01A,TCGA-06-1087,TCGA,mutant,wildtype,2.274768565799866,p.Y220C,Missense_Mutation,Missense_other,Other_missense,tp53_classifications
TCGA-06-1800-01A,TCGA-06-1800,TCGA,mutant,wildtype,0.6332917004639034,p.S241P,Missense_Mutation,Missense_other,Other_missense,tp53_classifications
TCGA-06-1804-01A,TCGA-06-1804,TCGA,wildtype,wildtype,0.41964675253143346,NA,NA,WT,WT,tp53_status
TCGA-06-1806-01A,TCGA-06-1806,TCGA,wildtype,wildtype,1.2493846586302202,NA,NA,WT,WT,tp53_status
TCGA-06-2557-01A,TCGA-06-2557,TCGA,wildtype,wildtype,1.2849286412318373,NA,NA,WT,WT,tp53_status
TCGA-06-2558-01A,TCGA-06-2558,TCGA,mutant,wildtype,0.6125884066987176,p.D281H,Missense_Mutation,Missense_other,Other_missense,tp53_classifications
TCGA-06-2559-01A,TCGA-06-2559,TCGA,mutant,wildtype,0.8779012694355401,p.P190L|p.T155N,Missense_Mutation,Missense_other,Other_missense,tp53_classifications
TCGA-06-2561-01A,TCGA-06-2561,TCGA,wildtype,wildtype,0.8375396343794035,NA,NA,WT,WT,tp53_status
TCGA-06-2562-01A,TCGA-06-2562,TCGA,wildtype,wildtype,0.518434423771075,NA,NA,WT,WT,tp53_status
TCGA-06-2563-01A,TCGA-06-2563,TCGA,mutant,wildtype,0.6662112182489406,p.L130P,Missense_Mutation,Missense_other,Other_missense,tp53_classifications
TCGA-06-2564-01A,TCGA-06-2564,TCGA,wildtype,wildtype,0.4884121759957323,NA,NA,WT,WT,tp53_status
TCGA-06-2565-01A,TCGA-06-2565,TCGA,wildtype,wildtype,1.3418150039843324,NA,NA,WT,WT,tp53_status
TCGA-06-2567-01A,TCGA-06-2567,TCGA,mutant,wildtype,0.5506052019627573,p.E271K|p.R196*,Missense_Mutation|Nonsense_Mutation,Truncating,Truncating,tp53_classifications
TCGA-06-2569-01A,TCGA-06-2569,TCGA,mutant,wildtype,1.7483753557433246,p.T155_R158del,In_Frame_Del,Other_nonsilent,Other_missense,tp53_classifications
TCGA-06-2570-01A,TCGA-06-2570,TCGA,mutant,mutant,0.5417130663146439,p.Q136E,Missense_Mutation,Missense_other,Other_missense,tp53_classifications
TCGA-06-5408-01A,TCGA-06-5408,TCGA,wildtype,wildtype,0.6031218698399965,NA,NA,WT,WT,tp53_status
TCGA-06-5410-01A,TCGA-06-5410,TCGA,wildtype,wildtype,0.12750121921583699,NA,NA,WT,WT,tp53_status
TCGA-06-5411-01A,TCGA-06-5411,TCGA,wildtype,wildtype,0.3883548795482065,NA,NA,WT,WT,tp53_status
TCGA-06-5412-01A,TCGA-06-5412,TCGA,wildtype,wildtype,0.15211850443194314,NA,NA,WT,WT,tp53_status
TCGA-06-5413-01A,TCGA-06-5413,TCGA,wildtype,wildtype,0.4027221768456047,NA,NA,WT,WT,tp53_status
TCGA-06-5414-01A,TCGA-06-5414,TCGA,wildtype,wildtype,0.1598874787305005,NA,NA,WT,WT,tp53_status
TCGA-06-5415-01A,TCGA-06-5415,TCGA,wildtype,wildtype,0.503145165950165,NA,NA,WT,WT,tp53_status
TCGA-06-5416-01A,TCGA-06-5416,TCGA,mutant,mutant,1.2394591455262811,p.R213*,Nonsense_Mutation,Truncating,Truncating,tp53_classifications
TCGA-06-5417-01A,TCGA-06-5417,TCGA,mutant,mutant,0.6444100783306281,p.I255S|p.R196*,Missense_Mutation|Nonsense_Mutation,Truncating,Truncating,tp53_classifications
TCGA-06-5418-01A,TCGA-06-5418,TCGA,wildtype,wildtype,0.3229664615496454,NA,NA,WT,WT,tp53_status
TCGA-06-5856-01A,TCGA-06-5856,TCGA,wildtype,wildtype,0.8158213218338047,NA,NA,WT,WT,tp53_status
TCGA-06-5858-01A,TCGA-06-5858,TCGA,mutant,wildtype,0.8331734632383404,p.R175H,Missense_Mutation,p.R175H,Hotspot,HGVSp
TCGA-06-5859-01A,TCGA-06-5859,TCGA,wildtype,wildtype,0.4511187763949463,NA,NA,WT,WT,tp53_status
TCGA-06-6388-01A,TCGA-06-6388,TCGA,wildtype,wildtype,0.5139959793670126,NA,NA,WT,WT,tp53_status
TCGA-06-6389-01A,TCGA-06-6389,TCGA,mutant,mutant,1.1003721941071123,p.Y220C,Missense_Mutation,Missense_other,Other_missense,tp53_classifications
TCGA-06-6390-01A,TCGA-06-6390,TCGA,wildtype,wildtype,0.7157176892223892,NA,NA,WT,WT,tp53_status
TCGA-06-6391-01A,TCGA-06-6391,TCGA,wildtype,wildtype,0.29783703588664373,NA,NA,WT,WT,tp53_status
TCGA-06-6693-01A,TCGA-06-6693,TCGA,wildtype,wildtype,0.900026298964851,NA,NA,WT,WT,tp53_status
TCGA-06-6694-01A,TCGA-06-6694,TCGA,mutant,wildtype,2.80213116420774,p.C238F,Missense_Mutation,Missense_other,Other_missense,tp53_classifications
TCGA-06-6695-01A,TCGA-06-6695,TCGA,wildtype,wildtype,0.3222743001542052,NA,NA,WT,WT,tp53_status
TCGA-06-6697-01A,TCGA-06-6697,TCGA,wildtype,wildtype,0.1694119519913547,NA,NA,WT,WT,tp53_status
TCGA-06-6698-01A,TCGA-06-6698,TCGA,mutant,wildtype,0.23192387329376324,p.R175H,Missense_Mutation,p.R175H,Hotspot,HGVSp
TCGA-06-6699-01A,TCGA-06-6699,TCGA,wildtype,wildtype,0.4175960129666715,NA,NA,WT,WT,tp53_status
TCGA-06-6700-01A,TCGA-06-6700,TCGA,wildtype,wildtype,0.5025342858954955,NA,NA,WT,WT,tp53_status
TCGA-06-A5U0-01A,TCGA-06-A5U0,TCGA,mutant,wildtype,0.5654996931661993,p.E171Gfs*4|p.R342*,Frame_Shift_Ins|Nonsense_Mutation,Truncating,Truncating,tp53_classifications
TCGA-06-A5U1-01A,TCGA-06-A5U1,TCGA,wildtype,wildtype,1.0137123648206543,NA,NA,WT,WT,tp53_status
TCGA-06-A6S0-01A,TCGA-06-A6S0,TCGA,wildtype,wildtype,0.6862539873547531,NA,NA,WT,WT,tp53_status
TCGA-06-A6S1-01A,TCGA-06-A6S1,TCGA,wildtype,wildtype,0.647821033401297,NA,NA,WT,WT,tp53_status
TCGA-06-A7TK-01A,TCGA-06-A7TK,TCGA,wildtype,wildtype,0.8767232065151669,NA,NA,WT,WT,tp53_status
TCGA-06-A7TL-01A,TCGA-06-A7TL,TCGA,mutant,mutant,0.947927931238094,p.C275Y,Missense_Mutation,Missense_other,Other_missense,tp53_classifications
TCGA-08-0386-01A,TCGA-08-0386,TCGA,wildtype,wildtype,0.717999879468506,NA,NA,WT,WT,tp53_status
TCGA-12-0615-01A,TCGA-12-0615,TCGA,wildtype,wildtype,0.6435791657317148,NA,NA,WT,WT,tp53_status
TCGA-12-0616-01A,TCGA-12-0616,TCGA,wildtype,wildtype,0.9240998856407416,NA,NA,WT,WT,tp53_status
TCGA-12-0618-01A,TCGA-12-0618,TCGA,mutant,wildtype,0.6805944148813485,p.C238Y,Missense_Mutation,Missense_other,Other_missense,tp53_classifications
TCGA-12-0619-01A,TCGA-12-0619,TCGA,mutant,wildtype,2.236584458113175,p.K164E,Missense_Mutation,Missense_other,Other_missense,tp53_classifications
TCGA-12-0657-01A,TCGA-12-0657,TCGA,wildtype,wildtype,0.6644828403646825,NA,NA,WT,WT,tp53_status
TCGA-12-0662-01A,TCGA-12-0662,TCGA,wildtype,wildtype,0.7563401522518527,NA,NA,WT,WT,tp53_status
TCGA-12-0670-01B,TCGA-12-0670,TCGA,wildtype,wildtype,0.28321061798453095,NA,NA,WT,WT,tp53_status
TCGA-12-0691-01A,TCGA-12-0691,TCGA,mutant,wildtype,2.3188374192962087,p.H193R,Missense_Mutation,Missense_other,Other_missense,tp53_classifications
TCGA-12-0692-01A,TCGA-12-0692,TCGA,wildtype,wildtype,1.450538246858835,NA,NA,WT,WT,tp53_status
TCGA-12-0773-01A,TCGA-12-0773,TCGA,mutant,wildtype,0.34050530067398493,p.R158P,Missense_Mutation,Missense_other,Other_missense,tp53_classifications
TCGA-12-0775-01A,TCGA-12-0775,TCGA,wildtype,wildtype,1.0188477854279772,NA,NA,WT,WT,tp53_status
TCGA-12-0818-01A,TCGA-12-0818,TCGA,mutant,mutant,0.9773165629087104,p.R273C,Missense_Mutation,p.R273C,Hotspot,HGVSp
TCGA-12-0819-01A,TCGA-12-0819,TCGA,wildtype,wildtype,0.2907782513201796,NA,NA,WT,WT,tp53_status
TCGA-12-0820-01A,TCGA-12-0820,TCGA,wildtype,wildtype,1.503145165950165,NA,NA,WT,WT,tp53_status
TCGA-12-0821-01A,TCGA-12-0821,TCGA,wildtype,wildtype,0.4395699496627392,NA,NA,WT,WT,tp53_status
TCGA-12-0826-01A,TCGA-12-0826,TCGA,wildtype,wildtype,0.3822799000669483,NA,NA,WT,WT,tp53_status
TCGA-12-0827-01A,TCGA-12-0827,TCGA,mutant,mutant,0.3644603739602611,p.W146Sfs*22,Frame_Shift_Del,Truncating,Truncating,tp53_classifications
TCGA-12-0829-01A,TCGA-12-0829,TCGA,wildtype,wildtype,0.8154934552246126,NA,NA,WT,WT,tp53_status
TCGA-12-1089-01A,TCGA-12-1089,TCGA,wildtype,wildtype,0.3576083038138484,NA,NA,WT,WT,tp53_status
TCGA-12-1092-01B,TCGA-12-1092,TCGA,mutant,wildtype,0.9796595517158244,p.R248Q,Missense_Mutation,p.R248Q,Hotspot,HGVSp
TCGA-12-1093-01A,TCGA-12-1093,TCGA,wildtype,wildtype,0.5779242445067021,NA,NA,WT,WT,tp53_status
TCGA-12-1597-01B,TCGA-12-1597,TCGA,wildtype,wildtype,0.5567972465927431,NA,NA,WT,WT,tp53_status
TCGA-12-1598-01A,TCGA-12-1598,TCGA,mutant,wildtype,0.7696871212230362,p.R282W,Missense_Mutation,p.R282W,Hotspot,HGVSp
TCGA-12-1599-01A,TCGA-12-1599,TCGA,wildtype,wildtype,0.45712145795009623,NA,NA,WT,WT,tp53_status
TCGA-12-1600-01A,TCGA-12-1600,TCGA,mutant,wildtype,0.292899515444873,p.W53*|p.X126_splice,Nonsense_Mutation|Splice_Site,Truncating,Truncating,tp53_classifications
TCGA-12-3644-01A,TCGA-12-3644,TCGA,mutant,wildtype,0.3945141419559588,p.R248W,Missense_Mutation,p.R248W,Hotspot,HGVSp
TCGA-12-3646-01A,TCGA-12-3646,TCGA,wildtype,wildtype,0.4325318787381165,NA,NA,WT,WT,tp53_status
TCGA-12-3648-01A,TCGA-12-3648,TCGA,wildtype,wildtype,0.28166857997284495,NA,NA,WT,WT,tp53_status
TCGA-12-3650-01A,TCGA-12-3650,TCGA,wildtype,wildtype,0.41099228722089526,NA,NA,WT,WT,tp53_status
TCGA-12-3651-01A,TCGA-12-3651,TCGA,wildtype,wildtype,0.3252712707959596,NA,NA,WT,WT,tp53_status
TCGA-12-3652-01A,TCGA-12-3652,TCGA,wildtype,wildtype,0.4833643607133495,NA,NA,WT,WT,tp53_status
TCGA-12-3653-01A,TCGA-12-3653,TCGA,wildtype,wildtype,0.734221866220779,NA,NA,WT,WT,tp53_status
TCGA-12-5295-01A,TCGA-12-5295,TCGA,wildtype,wildtype,0.12617994882319306,NA,NA,WT,WT,tp53_status
TCGA-12-5299-01A,TCGA-12-5299,TCGA,wildtype,wildtype,0.2505978230482337,NA,NA,WT,WT,tp53_status
TCGA-12-5301-01A,TCGA-12-5301,TCGA,wildtype,wildtype,0.05116325258211458,NA,NA,WT,WT,tp53_status
TCGA-14-0781-01B,TCGA-14-0781,TCGA,wildtype,wildtype,0.25954367314869103,NA,NA,WT,WT,tp53_status
TCGA-14-0786-01B,TCGA-14-0786,TCGA,wildtype,wildtype,0.2715451984856866,NA,NA,WT,WT,tp53_status
TCGA-14-0787-01A,TCGA-14-0787,TCGA,wildtype,wildtype,0.4429700279273469,NA,NA,WT,WT,tp53_status
TCGA-14-0789-01A,TCGA-14-0789,TCGA,wildtype,wildtype,0.31961793420016127,NA,NA,WT,WT,tp53_status
TCGA-14-0790-01B,TCGA-14-0790,TCGA,wildtype,wildtype,0.5150059164337295,NA,NA,WT,WT,tp53_status
TCGA-14-0812-01B,TCGA-14-0812,TCGA,mutant,wildtype,0.450379880071041,p.I255del,In_Frame_Del,Other_nonsilent,Other_missense,tp53_classifications
TCGA-14-0813-01A,TCGA-14-0813,TCGA,mutant,wildtype,0.8453495381500936,p.R282W,Missense_Mutation,p.R282W,Hotspot,HGVSp
TCGA-14-0817-01A,TCGA-14-0817,TCGA,mutant,wildtype,0.5629628285152902,p.L194Pfs*13,Frame_Shift_Del,Truncating,Truncating,tp53_classifications
TCGA-14-0865-01B,TCGA-14-0865,TCGA,wildtype,wildtype,0.8663936977167666,NA,NA,WT,WT,tp53_status
TCGA-14-0871-01A,TCGA-14-0871,TCGA,mutant,wildtype,1.1933301953843043,p.G302Rfs*4,Frame_Shift_Ins,Truncating,Truncating,tp53_classifications
TCGA-14-1034-01A,TCGA-14-1034,TCGA,mutant,wildtype,0.20501708816016756,p.G105R,Missense_Mutation,Missense_other,Other_missense,tp53_classifications
TCGA-14-1037-01A,TCGA-14-1037,TCGA,wildtype,wildtype,0.4438187969124928,NA,NA,WT,WT,tp53_status
TCGA-14-1396-01A,TCGA-14-1396,TCGA,mutant,wildtype,1.3382817784651972,p.W91*,Nonsense_Mutation,Truncating,Truncating,tp53_classifications
TCGA-14-1451-01A,TCGA-14-1451,TCGA,wildtype,wildtype,0.24610400988391656,NA,NA,WT,WT,tp53_status
TCGA-14-1453-01A,TCGA-14-1453,TCGA,wildtype,wildtype,0.6307782127428617,NA,NA,WT,WT,tp53_status
TCGA-14-1455-01A,TCGA-14-1455,TCGA,wildtype,wildtype,0.5053828490623046,NA,NA,WT,WT,tp53_status
TCGA-14-1795-01A,TCGA-14-1795,TCGA,mutant,wildtype,1.4237932818840318,p.G244D,Missense_Mutation,Missense_other,Other_missense,tp53_classifications
TCGA-14-1821-01A,TCGA-14-1821,TCGA,mutant,mutant,1.617580599005267,p.H214R,Missense_Mutation,Missense_other,Other_missense,tp53_classifications
TCGA-14-1823-01A,TCGA-14-1823,TCGA,wildtype,wildtype,0.26074832839644746,NA,NA,WT,WT,tp53_status
TCGA-14-1825-01A,TCGA-14-1825,TCGA,mutant,wildtype,0.7812338000993344,p.R196*|p.R282W,Missense_Mutation|Nonsense_Mutation,p.R282W,Hotspot,HGVSp
TCGA-14-1827-01A,TCGA-14-1827,TCGA,wildtype,wildtype,0.17440641852974909,NA,NA,WT,WT,tp53_status
TCGA-14-1829-01A,TCGA-14-1829,TCGA,wildtype,wildtype,0.6591938949069485,NA,NA,WT,WT,tp53_status
TCGA-14-2554-01A,TCGA-14-2554,TCGA,wildtype,wildtype,0.2567691427613412,NA,NA,WT,WT,tp53_status
TCGA-14-4157-01A,TCGA-14-4157,TCGA,mutant,mutant,1.3764570950111643,p.R175H|p.V157G,Missense_Mutation,p.R175H,Hotspot,HGVSp
TCGA-15-0742-01A,TCGA-15-0742,TCGA,wildtype,wildtype,0.7824085649273732,NA,NA,WT,WT,tp53_status
TCGA-16-0846-01A,TCGA-16-0846,TCGA,mutant,wildtype,2.895186270267403,p.H179Y,Missense_Mutation,Missense_other,Other_missense,tp53_classifications
TCGA-16-0849-01A,TCGA-16-0849,TCGA,mutant,mutant,2.2675657602714314,p.R273C,Missense_Mutation,p.R273C,Hotspot,HGVSp
TCGA-16-0850-01A,TCGA-16-0850,TCGA,mutant,mutant,1.1599520447329228,p.S241Y,Missense_Mutation,Missense_other,Other_missense,tp53_classifications
TCGA-16-1045-01B,TCGA-16-1045,TCGA,wildtype,wildtype,1.4366415915909618,NA,NA,WT,WT,tp53_status
TCGA-16-1460-01A,TCGA-16-1460,TCGA,mutant,mutant,0.6477289513817419,p.R175H,Missense_Mutation,p.R175H,Hotspot,HGVSp
TCGA-19-1385-01A,TCGA-19-1385,TCGA,wildtype,wildtype,1.3386811246245462,NA,NA,WT,WT,tp53_status
TCGA-19-1386-01A,TCGA-19-1386,TCGA,wildtype,wildtype,1.2772111363945349,NA,NA,WT,WT,tp53_status
TCGA-19-1387-01A,TCGA-19-1387,TCGA,wildtype,wildtype,0.4141355329844512,NA,NA,WT,WT,tp53_status
TCGA-19-1390-01A,TCGA-19-1390,TCGA,mutant,wildtype,2.0278971524352456,p.L130F|p.L194R,Missense_Mutation,Missense_other,Other_missense,tp53_classifications
TCGA-19-1787-01B,TCGA-19-1787,TCGA,mutant,wildtype,1.8471951865893952,p.R175H,Missense_Mutation,p.R175H,Hotspot,HGVSp
TCGA-19-1791-01A,TCGA-19-1791,TCGA,wildtype,wildtype,0.3776235376357267,NA,NA,WT,WT,tp53_status
TCGA-19-2620-01A,TCGA-19-2620,TCGA,wildtype,wildtype,1.308710351168077,NA,NA,WT,WT,tp53_status
TCGA-19-2624-01A,TCGA-19-2624,TCGA,wildtype,wildtype,2.6787705413357643,NA,NA,WT,WT,tp53_status
TCGA-19-2625-01A,TCGA-19-2625,TCGA,mutant,wildtype,1.4240083607172562,p.C238Y|p.Y205C,Missense_Mutation,Missense_other,Other_missense,tp53_classifications
TCGA-19-2629-01A,TCGA-19-2629,TCGA,wildtype,mutant,1.066054737627507,NA,NA,WT,WT,tp53_status
TCGA-19-2631-01A,TCGA-19-2631,TCGA,wildtype,wildtype,0.3466449215885268,NA,NA,WT,WT,tp53_status
TCGA-19-4065-01A,TCGA-19-4065,TCGA,mutant,wildtype,0.6655746883286704,p.P152L,Missense_Mutation,Missense_other,Other_missense,tp53_classifications
TCGA-19-4068-01A,TCGA-19-4068,TCGA,wildtype,wildtype,0.424169648802638,NA,NA,WT,WT,tp53_status
TCGA-19-5947-01A,TCGA-19-5947,TCGA,wildtype,wildtype,0.39604985762503087,NA,NA,WT,WT,tp53_status
TCGA-19-5955-01A,TCGA-19-5955,TCGA,wildtype,wildtype,0.3634514570717129,NA,NA,WT,WT,tp53_status
TCGA-19-5956-01A,TCGA-19-5956,TCGA,mutant,wildtype,1.0757379823940785,p.Q192*|p.Y327*,Nonsense_Mutation,Truncating,Truncating,tp53_classifications
TCGA-19-5958-01A,TCGA-19-5958,TCGA,wildtype,wildtype,0.24232811627952333,NA,NA,WT,WT,tp53_status
TCGA-19-5959-01A,TCGA-19-5959,TCGA,wildtype,wildtype,0.2030131707745,NA,NA,WT,WT,tp53_status
TCGA-19-5960-01A,TCGA-19-5960,TCGA,wildtype,wildtype,1.7288347789848233,NA,NA,WT,WT,tp53_status
TCGA-19-A60I-01A,TCGA-19-A60I,TCGA,wildtype,wildtype,0.7859271307337806,NA,NA,WT,WT,tp53_status
TCGA-26-1442-01A,TCGA-26-1442,TCGA,mutant,mutant,1.4739946655177236,p.R273C,Missense_Mutation,p.R273C,Hotspot,HGVSp
TCGA-26-5133-01A,TCGA-26-5133,TCGA,mutant,wildtype,1.1866907070252006,p.Y234C,Missense_Mutation,Missense_other,Other_missense,tp53_classifications
TCGA-26-5134-01A,TCGA-26-5134,TCGA,wildtype,wildtype,1.9636590730221093,NA,NA,WT,WT,tp53_status
TCGA-26-5135-01A,TCGA-26-5135,TCGA,wildtype,wildtype,1.4725917457369329,NA,NA,WT,WT,tp53_status
TCGA-26-5136-01B,TCGA-26-5136,TCGA,mutant,wildtype,3.0798218177518684,p.K132N,Missense_Mutation,Missense_other,Other_missense,tp53_classifications
TCGA-26-5139-01A,TCGA-26-5139,TCGA,wildtype,wildtype,0.6037865531232991,NA,NA,WT,WT,tp53_status
TCGA-27-1830-01A,TCGA-27-1830,TCGA,mutant,wildtype,2.366364182945645,p.R248Q,Missense_Mutation,p.R248Q,Hotspot,HGVSp
TCGA-27-1831-01A,TCGA-27-1831,TCGA,wildtype,wildtype,1.0027385198069287,NA,NA,WT,WT,tp53_status
TCGA-27-1832-01A,TCGA-27-1832,TCGA,wildtype,wildtype,1.8957291616449643,NA,NA,WT,WT,tp53_status
TCGA-27-1834-01A,TCGA-27-1834,TCGA,wildtype,wildtype,2.1089592906159336,NA,NA,WT,WT,tp53_status
TCGA-27-1835-01A,TCGA-27-1835,TCGA,mutant,wildtype,0.8526381170789891,p.V216M,Missense_Mutation,Missense_other,Other_missense,tp53_classifications
TCGA-27-1837-01A,TCGA-27-1837,TCGA,wildtype,wildtype,1.6731493366124848,NA,NA,WT,WT,tp53_status
TCGA-27-2519-01A,TCGA-27-2519,TCGA,mutant,wildtype,1.2565276268922092,p.R282Gfs*63,Frame_Shift_Del,Truncating,Truncating,tp53_classifications
TCGA-27-2521-01A,TCGA-27-2521,TCGA,mutant,mutant,1.2793524281284665,p.L264Yfs*81,Frame_Shift_Del,Truncating,Truncating,tp53_classifications
TCGA-27-2523-01A,TCGA-27-2523,TCGA,wildtype,wildtype,1.4578043905265834,NA,NA,WT,WT,tp53_status
TCGA-27-2524-01A,TCGA-27-2524,TCGA,wildtype,wildtype,0.972104429118326,NA,NA,WT,WT,tp53_status
TCGA-27-2526-01A,TCGA-27-2526,TCGA,wildtype,wildtype,1.560127976081264,NA,NA,WT,WT,tp53_status
TCGA-27-2528-01A,TCGA-27-2528,TCGA,wildtype,wildtype,0.5337626705470877,NA,NA,WT,WT,tp53_status
TCGA-28-1753-01A,TCGA-28-1753,TCGA,mutant,wildtype,2.040015678847879,p.R273H,Missense_Mutation,p.R273H,Hotspot,HGVSp
TCGA-28-2499-01A,TCGA-28-2499,TCGA,wildtype,wildtype,1.3007094716500966,NA,NA,WT,WT,tp53_status
TCGA-28-2509-01A,TCGA-28-2509,TCGA,mutant,wildtype,1.2302030133664217,p.C242Y,Missense_Mutation,Missense_other,Other_missense,tp53_classifications
TCGA-28-2513-01A,TCGA-28-2513,TCGA,wildtype,wildtype,1.2597846846829783,NA,NA,WT,WT,tp53_status
TCGA-28-2514-01A,TCGA-28-2514,TCGA,wildtype,wildtype,0.8272499622434906,NA,NA,WT,WT,tp53_status
TCGA-28-5204-01A,TCGA-28-5204,TCGA,wildtype,wildtype,2.0216929178215315,NA,NA,WT,WT,tp53_status
TCGA-28-5208-01A,TCGA-28-5208,TCGA,wildtype,wildtype,1.2957230245399685,NA,NA,WT,WT,tp53_status
TCGA-28-5209-01A,TCGA-28-5209,TCGA,wildtype,wildtype,0.7507779888534919,NA,NA,WT,WT,tp53_status
TCGA-28-5213-01A,TCGA-28-5213,TCGA,wildtype,wildtype,0.9386998132393362,NA,NA,WT,WT,tp53_status
TCGA-28-5215-01A,TCGA-28-5215,TCGA,wildtype,wildtype,1.5210004679053,NA,NA,WT,WT,tp53_status
TCGA-28-5216-01A,TCGA-28-5216,TCGA,mutant,wildtype,0.7819891158647039,p.R249M,Missense_Mutation,Missense_other,Other_missense,tp53_classifications
TCGA-28-5218-01A,TCGA-28-5218,TCGA,wildtype,wildtype,1.940204344652039,NA,NA,WT,WT,tp53_status
TCGA-28-5220-01A,TCGA-28-5220,TCGA,wildtype,wildtype,0.9961717835115194,NA,NA,WT,WT,tp53_status
TCGA-32-1970-01A,TCGA-32-1970,TCGA,mutant,wildtype,1.4323180669495237,p.R267P,Missense_Mutation,Missense_other,Other_missense,tp53_classifications
TCGA-32-1980-01A,TCGA-32-1980,TCGA,wildtype,wildtype,1.3673151461523738,NA,NA,WT,WT,tp53_status
TCGA-32-1982-01A,TCGA-32-1982,TCGA,wildtype,wildtype,1.4646159944970203,NA,NA,WT,WT,tp53_status
TCGA-32-2615-01A,TCGA-32-2615,TCGA,wildtype,wildtype,1.7539895458559729,NA,NA,WT,WT,tp53_status
TCGA-32-2616-01A,TCGA-32-2616,TCGA,mutant,wildtype,1.7190958025859489,p.R175H,Missense_Mutation,p.R175H,Hotspot,HGVSp
TCGA-32-2632-01A,TCGA-32-2632,TCGA,wildtype,wildtype,2.339992484247724,NA,NA,WT,WT,tp53_status
TCGA-32-2634-01A,TCGA-32-2634,TCGA,mutant,wildtype,2.0131048916994865,p.I254S,Missense_Mutation,Missense_other,Other_missense,tp53_classifications
TCGA-32-2638-01A,TCGA-32-2638,TCGA,wildtype,wildtype,1.8220366720233137,NA,NA,WT,WT,tp53_status
TCGA-32-4213-01A,TCGA-32-4213,TCGA,wildtype,wildtype,1.5405728897776612,NA,NA,WT,WT,tp53_status
TCGA-32-5222-01A,TCGA-32-5222,TCGA,wildtype,wildtype,0.6875982385072822,NA,NA,WT,WT,tp53_status
TCGA-41-2571-01A,TCGA-41-2571,TCGA,wildtype,wildtype,1.0305479641629662,NA,NA,WT,WT,tp53_status
TCGA-41-2572-01A,TCGA-41-2572,TCGA,wildtype,wildtype,1.587701020528085,NA,NA,WT,WT,tp53_status
TCGA-41-3915-01A,TCGA-41-3915,TCGA,mutant,wildtype,1.8270060096389769,p.G334_R337del,In_Frame_Del,Other_nonsilent,Other_missense,tp53_classifications
TCGA-41-4097-01A,TCGA-41-4097,TCGA,wildtype,wildtype,1.5525246286738006,NA,NA,WT,WT,tp53_status
TCGA-41-5651-01A,TCGA-41-5651,TCGA,mutant,wildtype,1.221938931628624,p.X126_splice,Splice_Site,Splice_Site,Truncating,tp53_classifications
TCGA-76-4925-01A,TCGA-76-4925,TCGA,mutant,wildtype,1.0104934192484525,p.R249T,Missense_Mutation,Missense_other,Other_missense,tp53_classifications
TCGA-76-4926-01B,TCGA-76-4926,TCGA,wildtype,wildtype,0.8393146634551493,NA,NA,WT,WT,tp53_status
TCGA-76-4927-01A,TCGA-76-4927,TCGA,wildtype,wildtype,0.655351828612554,NA,NA,WT,WT,tp53_status
TCGA-76-4928-01B,TCGA-76-4928,TCGA,wildtype,wildtype,0.8131963002812241,NA,NA,WT,WT,tp53_status
TCGA-76-4929-01A,TCGA-76-4929,TCGA,mutant,wildtype,1.678252230722633,p.P152S|p.R342*,Missense_Mutation|Nonsense_Mutation,Truncating,Truncating,tp53_classifications
TCGA-76-4931-01A,TCGA-76-4931,TCGA,wildtype,wildtype,1.1414327909292956,NA,NA,WT,WT,tp53_status
TCGA-76-4932-01A,TCGA-76-4932,TCGA,wildtype,wildtype,0.6422856830595769,NA,NA,WT,WT,tp53_status
C3L-00104-01,NA,CPTAC_HCMI,mutant,wildtype,0.6729231273138592,p.G266R,Missense_Mutation,Missense_other,Other_missense,tp53_classifications
C3L-00365-01,NA,CPTAC_HCMI,mutant,wildtype,1.0211243400356065,p.K132R,Missense_Mutation,Missense_other,Other_missense,tp53_classifications
C3L-00674-71,NA,CPTAC_HCMI,wildtype,wildtype,1.3771792897366386,NA,NA,WT,WT,tp53_status
C3L-00677-72,NA,CPTAC_HCMI,mutant,wildtype,0.9809027185664564,p.R158H|p.R248Q,Missense_Mutation,p.R248Q,Hotspot,HGVSp
C3L-01040-02,NA,CPTAC_HCMI,wildtype,wildtype,0.30240679455772584,NA,NA,WT,WT,tp53_status
C3L-01043-01,NA,CPTAC_HCMI,wildtype,wildtype,1.5715311984135325,NA,NA,WT,WT,tp53_status
C3L-01045-03,NA,CPTAC_HCMI,wildtype,wildtype,0.7950188128592285,NA,NA,WT,WT,tp53_status
C3L-01046-01,NA,CPTAC_HCMI,wildtype,wildtype,1.0880058712900202,NA,NA,WT,WT,tp53_status
C3L-01048-02,NA,CPTAC_HCMI,mutant,wildtype,0.9983399459888642,p.L130P,Missense_Mutation,Missense_other,Other_missense,tp53_classifications
C3L-01049-02,NA,CPTAC_HCMI,mutant,wildtype,1.4945180163487668,p.W91*,Nonsense_Mutation,Truncating,Truncating,tp53_classifications
C3L-01061-01,NA,CPTAC_HCMI,wildtype,wildtype,0.31057279459715426,NA,NA,WT,WT,tp53_status
C3L-01142-02,NA,CPTAC_HCMI,wildtype,wildtype,1.162467867615304,NA,NA,WT,WT,tp53_status
C3L-01146-05,NA,CPTAC_HCMI,wildtype,wildtype,0.6158870739160568,NA,NA,WT,WT,tp53_status
C3L-01149-01,NA,CPTAC_HCMI,wildtype,wildtype,1.0727918181067024,NA,NA,WT,WT,tp53_status
C3L-01154-03,NA,CPTAC_HCMI,wildtype,wildtype,0.9177754406011158,NA,NA,WT,WT,tp53_status
C3L-01155-02,NA,CPTAC_HCMI,wildtype,wildtype,0.9971839981752958,NA,NA,WT,WT,tp53_status
C3L-01156-02,NA,CPTAC_HCMI,wildtype,wildtype,0.6176746254686815,NA,NA,WT,WT,tp53_status
C3L-01157-03,NA,CPTAC_HCMI,wildtype,wildtype,0.5140970048942335,NA,NA,WT,WT,tp53_status
C3L-01232-03,NA,CPTAC_HCMI,mutant,wildtype,0.6096604181152067,p.I195N,Missense_Mutation,Missense_other,Other_missense,tp53_classifications
C3L-01327-01,NA,CPTAC_HCMI,wildtype,wildtype,0.5975073376780047,NA,NA,WT,WT,tp53_status
C3L-01834-02,NA,CPTAC_HCMI,wildtype,wildtype,0.64929354696714,NA,NA,WT,WT,tp53_status
C3L-01887-01,NA,CPTAC_HCMI,mutant,wildtype,0.6547104882859716,p.D281G,Missense_Mutation,Missense_other,Other_missense,tp53_classifications
C3L-02041-02,NA,CPTAC_HCMI,mutant,mutant,1.18947668909787,p.R248W,Missense_Mutation,p.R248W,Hotspot,HGVSp
C3L-02465-02,NA,CPTAC_HCMI,mutant,wildtype,2.010994616071589,p.V197M,Missense_Mutation,Missense_other,Other_missense,tp53_classifications
C3L-02504-01,NA,CPTAC_HCMI,wildtype,wildtype,1.1148334098493229,NA,NA,WT,WT,tp53_status
C3L-02542-03,NA,CPTAC_HCMI,mutant,wildtype,1.586068143143711,p.R156G,Missense_Mutation,Missense_other,Other_missense,tp53_classifications
C3L-02642-03,NA,CPTAC_HCMI,mutant,wildtype,1.249991368358195,p.X33_splice,Splice_Site,Splice_Site,Truncating,tp53_classifications
C3L-02644-02,NA,CPTAC_HCMI,mutant,wildtype,0.8205670334844551,p.I162F,Missense_Mutation,Missense_other,Other_missense,tp53_classifications
C3L-02662-05,NA,CPTAC_HCMI,mutant,wildtype,1.058939854556233,p.C135Y|p.V173L,Missense_Mutation,Missense_other,Other_missense,tp53_classifications
C3L-02704-71,NA,CPTAC_HCMI,wildtype,wildtype,1.0521376233351754,NA,NA,WT,WT,tp53_status
C3L-02705-71,NA,CPTAC_HCMI,wildtype,wildtype,1.1180274225907938,NA,NA,WT,WT,tp53_status
C3L-02707-75,NA,CPTAC_HCMI,wildtype,wildtype,0.6892991605358918,NA,NA,WT,WT,tp53_status
C3L-02708-02,NA,CPTAC_HCMI,mutant,mutant,1.98097581267874,p.V157F,Missense_Mutation,Missense_other,Other_missense,tp53_classifications
C3L-02900-01,NA,CPTAC_HCMI,mutant,mutant,0.9767302206771528,p.C135Y,Missense_Mutation,Missense_other,Other_missense,tp53_classifications
C3L-02955-01,NA,CPTAC_HCMI,wildtype,wildtype,0.8264366264225976,NA,NA,WT,WT,tp53_status
C3L-02970-03,NA,CPTAC_HCMI,mutant,wildtype,0.594166328050996,p.I195T,Missense_Mutation,Missense_other,Other_missense,tp53_classifications
C3L-02984-04,NA,CPTAC_HCMI,mutant,mutant,0.7770303852008065,p.C238F,Missense_Mutation,Missense_other,Other_missense,tp53_classifications
C3L-03260-01,NA,CPTAC_HCMI,wildtype,wildtype,1.519592224420819,NA,NA,WT,WT,tp53_status
C3L-03266-01,NA,CPTAC_HCMI,wildtype,wildtype,0.7836661809078286,NA,NA,WT,WT,tp53_status
C3L-03372-04,NA,CPTAC_HCMI,mutant,mutant,1.8386291156317336,p.H214R|p.R342_L344dup,In_Frame_Ins|Missense_Mutation,Missense_other,Other_missense,tp53_classifications
C3L-03385-04,NA,CPTAC_HCMI,wildtype,wildtype,1.7801420898384706,NA,NA,WT,WT,tp53_status
C3L-03387-01,NA,CPTAC_HCMI,wildtype,wildtype,1.1390110079722526,NA,NA,WT,WT,tp53_status
C3L-03390-04,NA,CPTAC_HCMI,wildtype,mutant,0.7185260264622619,NA,NA,WT,WT,tp53_status
C3L-03392-01,NA,CPTAC_HCMI,wildtype,wildtype,0.8664728297158477,NA,NA,WT,WT,tp53_status
C3L-03400-05,NA,CPTAC_HCMI,mutant,wildtype,1.105745116069354,p.R175H,Missense_Mutation,p.R175H,Hotspot,HGVSp
C3L-03405-01,NA,CPTAC_HCMI,wildtype,wildtype,1.4390911703531215,NA,NA,WT,WT,tp53_status
C3L-03407-02,NA,CPTAC_HCMI,mutant,wildtype,0.8368128561956083,p.F113del,In_Frame_Del,Other_nonsilent,Other_missense,tp53_classifications
C3L-03681-03,NA,CPTAC_HCMI,wildtype,wildtype,0.9164766444377164,NA,NA,WT,WT,tp53_status
C3L-03727-01,NA,CPTAC_HCMI,wildtype,wildtype,0.767993717611875,NA,NA,WT,WT,tp53_status
C3L-03728-01,NA,CPTAC_HCMI,wildtype,wildtype,0.5265696604977834,NA,NA,WT,WT,tp53_status
C3L-03733-01,NA,CPTAC_HCMI,mutant,wildtype,0.5894758779118472,p.P190S,Missense_Mutation,Missense_other,Other_missense,tp53_classifications
C3L-03735-01,NA,CPTAC_HCMI,mutant,wildtype,0.5691994125344207,p.F270C,Missense_Mutation,Missense_other,Other_missense,tp53_classifications
C3L-03740-01,NA,CPTAC_HCMI,mutant,wildtype,1.1636919374311567,p.T125K,Missense_Mutation,Missense_other,Other_missense,tp53_classifications
C3L-03744-71,NA,CPTAC_HCMI,mutant,wildtype,1.1333662431042155,p.R249K,Missense_Mutation,Missense_other,Other_missense,tp53_classifications
C3L-03748-04,NA,CPTAC_HCMI,wildtype,wildtype,1.0115671993170428,NA,NA,WT,WT,tp53_status
C3L-03968-01,NA,CPTAC_HCMI,wildtype,wildtype,1.0851526805631384,NA,NA,WT,WT,tp53_status
C3L-04036-01,NA,CPTAC_HCMI,wildtype,wildtype,0.545770726110136,NA,NA,WT,WT,tp53_status
C3L-04038-03,NA,CPTAC_HCMI,wildtype,wildtype,1.9237577039478169,NA,NA,WT,WT,tp53_status
C3L-04081-01,NA,CPTAC_HCMI,mutant,wildtype,0.4268551323242121,p.Y126C,Missense_Mutation,Missense_other,Other_missense,tp53_classifications
C3L-04082-03,NA,CPTAC_HCMI,mutant,wildtype,1.418027989926524,p.S215R,Missense_Mutation,Missense_other,Other_missense,tp53_classifications
C3L-04083-02,NA,CPTAC_HCMI,wildtype,wildtype,0.6763576867328565,NA,NA,WT,WT,tp53_status
C3L-04084-04,NA,CPTAC_HCMI,wildtype,wildtype,1.0777215387660812,NA,NA,WT,WT,tp53_status
C3L-04085-02,NA,CPTAC_HCMI,wildtype,wildtype,0.7723079749584033,NA,NA,WT,WT,tp53_status
C3L-04090-01,NA,CPTAC_HCMI,wildtype,wildtype,1.0412429822318814,NA,NA,WT,WT,tp53_status
C3L-04213-01,NA,CPTAC_HCMI,wildtype,wildtype,1.2686140455336408,NA,NA,WT,WT,tp53_status
C3L-04339-01,NA,CPTAC_HCMI,mutant,wildtype,0.5650121808982247,p.I195N,Missense_Mutation,Missense_other,Other_missense,tp53_classifications
C3L-04359-04,NA,CPTAC_HCMI,wildtype,mutant,1.9356860351621783,NA,NA,WT,WT,tp53_status
C3L-04362-05,NA,CPTAC_HCMI,wildtype,wildtype,1.4738907923057205,NA,NA,WT,WT,tp53_status
C3L-04392-03,NA,CPTAC_HCMI,wildtype,wildtype,0.7140476487777668,NA,NA,WT,WT,tp53_status
C3L-04537-01,NA,CPTAC_HCMI,wildtype,wildtype,0.5719194632455572,NA,NA,WT,WT,tp53_status
C3L-04539-01,NA,CPTAC_HCMI,wildtype,wildtype,0.48872065289528366,NA,NA,WT,WT,tp53_status
C3L-04731-05,NA,CPTAC_HCMI,wildtype,wildtype,0.4608997971875319,NA,NA,WT,WT,tp53_status
C3L-04795-02,NA,CPTAC_HCMI,mutant,mutant,2.165493938876343,p.R273G,Missense_Mutation,Missense_other,Hotspot,HGVSp
C3L-05239-05,NA,CPTAC_HCMI,wildtype,wildtype,1.0063339337220505,NA,NA,WT,WT,tp53_status
C3L-05481-03,NA,CPTAC_HCMI,wildtype,wildtype,0.3182300600759185,NA,NA,WT,WT,tp53_status
C3L-06625-01,NA,CPTAC_HCMI,wildtype,wildtype,0.9615492470503938,NA,NA,WT,WT,tp53_status
C3L-07202-01,NA,CPTAC_HCMI,wildtype,mutant,1.1958515085756445,NA,NA,WT,WT,tp53_status
C3L-07213-01,NA,CPTAC_HCMI,mutant,mutant,0.6159812108147812,p.R273H|p.S106R,Missense_Mutation,p.R273H,Hotspot,HGVSp
C3L-07611-02,NA,CPTAC_HCMI,wildtype,wildtype,0.6152279435788257,NA,NA,WT,WT,tp53_status
C3N-00661-01,NA,CPTAC_HCMI,wildtype,wildtype,0.32331241775790276,NA,NA,WT,WT,tp53_status
C3N-00662-03,NA,CPTAC_HCMI,wildtype,wildtype,1.5386374851706432,NA,NA,WT,WT,tp53_status
C3N-00663-01,NA,CPTAC_HCMI,mutant,mutant,1.8072724799854716,p.R282W|p.S127F,Missense_Mutation,p.R282W,Hotspot,HGVSp
C3N-00665-01,NA,CPTAC_HCMI,wildtype,wildtype,0.7259592345091875,NA,NA,WT,WT,tp53_status
C3N-01192-05,NA,CPTAC_HCMI,wildtype,wildtype,1.0971388098352977,NA,NA,WT,WT,tp53_status
C3N-01196-04,NA,CPTAC_HCMI,mutant,wildtype,1.3955564129865532,p.Y163C,Missense_Mutation,Missense_other,Other_missense,tp53_classifications
C3N-01334-03,NA,CPTAC_HCMI,wildtype,wildtype,0.6349649294359976,NA,NA,WT,WT,tp53_status
C3N-01364-02,NA,CPTAC_HCMI,wildtype,wildtype,1.6559928839623106,NA,NA,WT,WT,tp53_status
C3N-01366-02,NA,CPTAC_HCMI,wildtype,wildtype,0.22181522787370225,NA,NA,WT,WT,tp53_status
C3N-01367-02,NA,CPTAC_HCMI,wildtype,wildtype,1.2654969070738729,NA,NA,WT,WT,tp53_status
C3N-01368-03,NA,CPTAC_HCMI,wildtype,wildtype,0.5905301643198206,NA,NA,WT,WT,tp53_status
C3N-01369-01,NA,CPTAC_HCMI,wildtype,wildtype,0.46037561920665776,NA,NA,WT,WT,tp53_status
C3N-01505-01,NA,CPTAC_HCMI,wildtype,wildtype,1.241779180370476,NA,NA,WT,WT,tp53_status
C3N-01515-01,NA,CPTAC_HCMI,wildtype,wildtype,0.7534333879268804,NA,NA,WT,WT,tp53_status
C3N-01517-01,NA,CPTAC_HCMI,wildtype,wildtype,0.5270703355126606,NA,NA,WT,WT,tp53_status
C3N-01518-01,NA,CPTAC_HCMI,mutant,wildtype,0.8441445810593434,p.G266E,Missense_Mutation,Missense_other,Other_missense,tp53_classifications
C3N-01798-01,NA,CPTAC_HCMI,mutant,wildtype,0.7814856159616563,p.R280T,Missense_Mutation,Missense_other,Other_missense,tp53_classifications
C3N-01814-01,NA,CPTAC_HCMI,wildtype,wildtype,1.067294521468532,NA,NA,WT,WT,tp53_status
C3N-01815-01,NA,CPTAC_HCMI,mutant,wildtype,1.1366507701601194,p.R175H,Missense_Mutation,p.R175H,Hotspot,HGVSp
C3N-01816-01,NA,CPTAC_HCMI,wildtype,wildtype,0.7560839084974317,NA,NA,WT,WT,tp53_status
C3N-01818-02,NA,CPTAC_HCMI,mutant,wildtype,0.6394174091458965,p.X126_splice,Splice_Site,Splice_Site,Truncating,tp53_classifications
C3N-01849-04,NA,CPTAC_HCMI,wildtype,wildtype,1.8426973028498013,NA,NA,WT,WT,tp53_status
C3N-01851-01,NA,CPTAC_HCMI,mutant,wildtype,1.022474346574899,p.P151H,Missense_Mutation,Missense_other,Other_missense,tp53_classifications
C3N-01852-04,NA,CPTAC_HCMI,wildtype,wildtype,1.2551381254786935,NA,NA,WT,WT,tp53_status
C3N-01856-03,NA,CPTAC_HCMI,wildtype,wildtype,0.5328655031063249,NA,NA,WT,WT,tp53_status
C3N-01857-02,NA,CPTAC_HCMI,wildtype,wildtype,0.902729639233376,NA,NA,WT,WT,tp53_status
C3N-02181-02,NA,CPTAC_HCMI,wildtype,wildtype,1.0522767654523582,NA,NA,WT,WT,tp53_status
C3N-02183-01,NA,CPTAC_HCMI,wildtype,wildtype,2.315392331324316,NA,NA,WT,WT,tp53_status
C3N-02185-01,NA,CPTAC_HCMI,mutant,wildtype,1.1168970182882625,p.E343Afs*3,Frame_Shift_Del,Truncating,Truncating,tp53_classifications
C3N-02186-03,NA,CPTAC_HCMI,wildtype,wildtype,1.0522071960712287,NA,NA,WT,WT,tp53_status
C3N-02188-03,NA,CPTAC_HCMI,wildtype,wildtype,0.954791880875085,NA,NA,WT,WT,tp53_status
C3N-02190-01,NA,CPTAC_HCMI,wildtype,wildtype,0.60055521900627,NA,NA,WT,WT,tp53_status
C3N-02255-02,NA,CPTAC_HCMI,wildtype,wildtype,2.0870893894968563,NA,NA,WT,WT,tp53_status
C3N-02256-01,NA,CPTAC_HCMI,mutant,wildtype,0.7862617851173015,p.V272M,Missense_Mutation,Missense_other,Other_missense,tp53_classifications
C3N-02259-01,NA,CPTAC_HCMI,wildtype,wildtype,0.5201456268808256,NA,NA,WT,WT,tp53_status
C3N-02286-01,NA,CPTAC_HCMI,wildtype,wildtype,0.6716556993600769,NA,NA,WT,WT,tp53_status
C3N-02599-03,NA,CPTAC_HCMI,wildtype,wildtype,0.4970246941775304,NA,NA,WT,WT,tp53_status
C3N-02681-02,NA,CPTAC_HCMI,wildtype,wildtype,1.4015212501086,NA,NA,WT,WT,tp53_status
C3N-02682-02,NA,CPTAC_HCMI,wildtype,wildtype,0.548239319575263,NA,NA,WT,WT,tp53_status
C3N-02683-02,NA,CPTAC_HCMI,mutant,wildtype,0.9469553866431188,p.R248W,Missense_Mutation,p.R248W,Hotspot,HGVSp
C3N-02769-02,NA,CPTAC_HCMI,wildtype,wildtype,1.3643483069200926,NA,NA,WT,WT,tp53_status
C3N-02770-10,NA,CPTAC_HCMI,wildtype,wildtype,0.5135918064995733,NA,NA,WT,WT,tp53_status
C3N-02782-01,NA,CPTAC_HCMI,wildtype,wildtype,0.902729639233376,NA,NA,WT,WT,tp53_status
C3N-02783-05,NA,CPTAC_HCMI,wildtype,wildtype,0.8624315535124526,NA,NA,WT,WT,tp53_status
C3N-02784-01,NA,CPTAC_HCMI,mutant,wildtype,1.796223950434117,p.R175H,Missense_Mutation,p.R175H,Hotspot,HGVSp
C3N-02785-01,NA,CPTAC_HCMI,wildtype,wildtype,1.0820212693455022,NA,NA,WT,WT,tp53_status
C3N-02786-02,NA,CPTAC_HCMI,wildtype,wildtype,1.746957642413648,NA,NA,WT,WT,tp53_status
C3N-02788-01,NA,CPTAC_HCMI,mutant,wildtype,2.2150572809045745,p.R282W,Missense_Mutation,p.R282W,Hotspot,HGVSp
C3N-03001-01,NA,CPTAC_HCMI,wildtype,wildtype,1.3771237491294872,NA,NA,WT,WT,tp53_status
C3N-03003-01,NA,CPTAC_HCMI,wildtype,wildtype,1.922426225312796,NA,NA,WT,WT,tp53_status
C3N-03025-01,NA,CPTAC_HCMI,mutant,wildtype,2.0717626693000915,p.E298*,Nonsense_Mutation,Truncating,Truncating,tp53_classifications
C3N-03070-02,NA,CPTAC_HCMI,mutant,mutant,1.6209147914598871,p.C238F,Missense_Mutation,Missense_other,Other_missense,tp53_classifications
C3N-03088-01,NA,CPTAC_HCMI,wildtype,wildtype,0.9897203290406048,NA,NA,WT,WT,tp53_status
C3N-03180-02,NA,CPTAC_HCMI,wildtype,wildtype,0.9391513374329616,NA,NA,WT,WT,tp53_status
C3N-03182-02,NA,CPTAC_HCMI,mutant,wildtype,1.427391629686718,p.P191Sfs*18,Frame_Shift_Ins,Truncating,Truncating,tp53_classifications
C3N-03183-03,NA,CPTAC_HCMI,wildtype,wildtype,2.9201217674860325,NA,NA,WT,WT,tp53_status
C3N-03184-02,NA,CPTAC_HCMI,wildtype,wildtype,0.614097304774179,NA,NA,WT,WT,tp53_status
C3N-03186-01,NA,CPTAC_HCMI,wildtype,wildtype,0.9702646790145288,NA,NA,WT,WT,tp53_status
C3N-03188-02,NA,CPTAC_HCMI,wildtype,wildtype,1.257614130049541,NA,NA,WT,WT,tp53_status
C3N-03448-01,NA,CPTAC_HCMI,mutant,wildtype,0.6559013220645938,p.P152R|p.V274L,Missense_Mutation,Missense_other,Other_missense,tp53_classifications
C3N-03449-01,NA,CPTAC_HCMI,wildtype,wildtype,0.6217119771490244,NA,NA,WT,WT,tp53_status
C3N-03452-01,NA,CPTAC_HCMI,wildtype,wildtype,0.6215244436714578,NA,NA,WT,WT,tp53_status
C3N-03453-01,NA,CPTAC_HCMI,wildtype,wildtype,1.3635075265239611,NA,NA,WT,WT,tp53_status
C3N-03473-01,NA,CPTAC_HCMI,mutant,wildtype,0.7030120792508725,p.A161dup|p.R156G,In_Frame_Ins|Missense_Mutation,Missense_other,Other_missense,tp53_classifications
C3N-03480-01,NA,CPTAC_HCMI,mutant,wildtype,1.6183796286790535,p.R273H,Missense_Mutation,p.R273H,Hotspot,HGVSp
C3N-03484-02,NA,CPTAC_HCMI,wildtype,wildtype,0.2348691517053808,NA,NA,WT,WT,tp53_status
C3N-03755-01,NA,CPTAC_HCMI,wildtype,wildtype,1.5787938326767526,NA,NA,WT,WT,tp53_status
C3N-03756-01,NA,CPTAC_HCMI,wildtype,wildtype,2.5142990347280447,NA,NA,WT,WT,tp53_status
C3N-03757-07,NA,CPTAC_HCMI,wildtype,wildtype,2.0842343838902444,NA,NA,WT,WT,tp53_status
C3N-03789-05,NA,CPTAC_HCMI,wildtype,wildtype,1.7521919547928246,NA,NA,WT,WT,tp53_status
C3N-03791-02,NA,CPTAC_HCMI,mutant,wildtype,1.5430503856483728,p.V216M,Missense_Mutation,Missense_other,Other_missense,tp53_classifications
C3N-03792-01,NA,CPTAC_HCMI,mutant,wildtype,1.4001006830154812,p.R156_V157delinsA,In_Frame_Del,Other_nonsilent,Other_missense,tp53_classifications
C3N-03796-01,NA,CPTAC_HCMI,wildtype,wildtype,1.1694760931513468,NA,NA,WT,WT,tp53_status
C3N-03797-01,NA,CPTAC_HCMI,mutant,wildtype,0.9044262926015074,p.T256P,Missense_Mutation,Missense_other,Other_missense,tp53_classifications
C3N-03800-01,NA,CPTAC_HCMI,wildtype,wildtype,0.7827440363952003,NA,NA,WT,WT,tp53_status
C3N-03802-01,NA,CPTAC_HCMI,mutant,wildtype,1.561350578348369,p.R342*,Nonsense_Mutation,Truncating,Truncating,tp53_classifications
C3N-03810-01,NA,CPTAC_HCMI,wildtype,wildtype,0.6461626571578936,NA,NA,WT,WT,tp53_status
C3N-03935-01,NA,CPTAC_HCMI,mutant,wildtype,1.0853566671369514,p.V197L,Missense_Mutation,Missense_other,Other_missense,tp53_classifications
C3N-03939-02,NA,CPTAC_HCMI,wildtype,wildtype,1.031818625826357,NA,NA,WT,WT,tp53_status
C3N-04092-03,NA,CPTAC_HCMI,wildtype,wildtype,0.8159852272010442,NA,NA,WT,WT,tp53_status
C3N-04094-01,NA,CPTAC_HCMI,wildtype,wildtype,1.1467855409887004,NA,NA,WT,WT,tp53_status
C3N-04097-01,NA,CPTAC_HCMI,mutant,wildtype,0.5057893279100704,p.P151A,Missense_Mutation,Missense_other,Other_missense,tp53_classifications
C3N-04098-02,NA,CPTAC_HCMI,wildtype,wildtype,0.6686637777002207,NA,NA,WT,WT,tp53_status
C3N-04100-02,NA,CPTAC_HCMI,wildtype,wildtype,1.1269728562577654,NA,NA,WT,WT,tp53_status
C3N-04113-03,NA,CPTAC_HCMI,mutant,wildtype,1.598126959919604,p.Q104*,Nonsense_Mutation,Truncating,Truncating,tp53_classifications
C3N-04312-02,NA,CPTAC_HCMI,wildtype,wildtype,1.1270389122107491,NA,NA,WT,WT,tp53_status
C3N-04683-02,NA,CPTAC_HCMI,wildtype,mutant,0.7559130540395237,NA,NA,WT,WT,tp53_status
C3N-04686-04,NA,CPTAC_HCMI,wildtype,wildtype,1.239092482941906,NA,NA,WT,WT,tp53_status
C3N-04687-02,NA,CPTAC_HCMI,wildtype,wildtype,1.030124161455129,NA,NA,WT,WT,tp53_status
C3N-04691-01,NA,CPTAC_HCMI,wildtype,wildtype,0.9670948105024628,NA,NA,WT,WT,tp53_status
C3N-04693-01,NA,CPTAC_HCMI,wildtype,wildtype,0.801903614678655,NA,NA,WT,WT,tp53_status
C3N-04695-03,NA,CPTAC_HCMI,wildtype,wildtype,0.8151655140875776,NA,NA,WT,WT,tp53_status
C3N-05039-02,NA,CPTAC_HCMI,mutant,wildtype,0.8489583827923953,p.N131del,In_Frame_Del,Other_nonsilent,Other_missense,tp53_classifications
C3N-05114-01,NA,CPTAC_HCMI,wildtype,wildtype,0.7564255567237372,NA,NA,WT,WT,tp53_status
C3N-05135-01,NA,CPTAC_HCMI,mutant,mutant,1.714355433101084,p.R273H,Missense_Mutation,p.R273H,Hotspot,HGVSp
C3N-05991-01,NA,CPTAC_HCMI,mutant,mutant,1.3472687897240383,p.R175H|p.R342*,Missense_Mutation|Nonsense_Mutation,p.R175H,Hotspot,HGVSp
HCM-BROD-0002-C71-01A,NA,CPTAC_HCMI,mutant,wildtype,1.1160985522365798,p.V272M,Missense_Mutation,Missense_other,Other_missense,tp53_classifications
HCM-BROD-0003-C71-01A,NA,CPTAC_HCMI,mutant,wildtype,0.8357624186946913,p.V216M,Missense_Mutation,Missense_other,Other_missense,tp53_classifications
HCM-BROD-0011-C71-01A,NA,CPTAC_HCMI,wildtype,wildtype,0.4844990821225157,NA,NA,WT,WT,tp53_status
HCM-BROD-0012-C71-01A,NA,CPTAC_HCMI,wildtype,wildtype,0.7670614976804889,NA,NA,WT,WT,tp53_status
HCM-BROD-0014-C71-01A,NA,CPTAC_HCMI,wildtype,wildtype,0.4362684647193904,NA,NA,WT,WT,tp53_status
HCM-BROD-0028-C71-01A,NA,CPTAC_HCMI,wildtype,wildtype,0.4651908879259823,NA,NA,WT,WT,tp53_status
HCM-BROD-0103-C71-01A,NA,CPTAC_HCMI,mutant,wildtype,1.7093788712538516,p.R196*|p.R213L,Missense_Mutation|Nonsense_Mutation,Truncating,Truncating,tp53_classifications
HCM-BROD-0195-C71-01A,NA,CPTAC_HCMI,mutant,wildtype,0.9057359776670264,p.L194P,Missense_Mutation,Missense_other,Other_missense,tp53_classifications
HCM-BROD-0196-C71-01A,NA,CPTAC_HCMI,wildtype,wildtype,0.4655043696295056,NA,NA,WT,WT,tp53_status
HCM-BROD-0199-C71-01A,NA,CPTAC_HCMI,wildtype,wildtype,0.2389091166984043,NA,NA,WT,WT,tp53_status
HCM-BROD-0200-C71-01A,NA,CPTAC_HCMI,wildtype,wildtype,0.6112668250730647,NA,NA,WT,WT,tp53_status
HCM-BROD-0416-C71-01A,NA,CPTAC_HCMI,wildtype,wildtype,0.3974744170458981,NA,NA,WT,WT,tp53_status
HCM-BROD-0417-C71-01A,NA,CPTAC_HCMI,mutant,wildtype,0.5613016941453693,p.P322Hfs*23|p.R175H,Frame_Shift_Del|Missense_Mutation,p.R175H,Hotspot,HGVSp
HCM-BROD-0418-C71-01A,NA,CPTAC_HCMI,wildtype,wildtype,0.5903385331790875,NA,NA,WT,WT,tp53_status
HCM-BROD-0423-C71-01A,NA,CPTAC_HCMI,wildtype,wildtype,0.7256975369468612,NA,NA,WT,WT,tp53_status
HCM-BROD-0455-C71-01A,NA,CPTAC_HCMI,mutant,wildtype,0.5350575948948424,p.R248W,Missense_Mutation,p.R248W,Hotspot,HGVSp
HCM-BROD-0613-C71-01A,NA,CPTAC_HCMI,mutant,wildtype,1.5876530210923214,p.G154Afs*16,Frame_Shift_Del,Truncating,Truncating,tp53_classifications
HCM-BROD-0614-C71-01A,NA,CPTAC_HCMI,mutant,wildtype,0.3014705874899018,p.Y126H,Missense_Mutation,Missense_other,Other_missense,tp53_classifications
HCM-BROD-0685-C71-01A,NA,CPTAC_HCMI,mutant,wildtype,1.1189576791895526,p.H179Y,Missense_Mutation,Missense_other,Other_missense,tp53_classifications
HCM-BROD-0693-C71-01A,NA,CPTAC_HCMI,mutant,wildtype,1.6403432820058663,p.R273L,Missense_Mutation,Missense_other,Hotspot,HGVSp
HCM-BROD-0831-C71-01A,NA,CPTAC_HCMI,wildtype,wildtype,0.7870980816110046,NA,NA,WT,WT,tp53_status
HCM-BROD-1121-C71-01A,NA,CPTAC_HCMI,mutant,wildtype,1.4771073893133662,p.P190L,Missense_Mutation,Missense_other,Other_missense,tp53_classifications
