wxs_sample_id,case_barcode,source,tp53_status,tp53_class4,classify_method,tp53_HGVSp,tp53_classifications,tp53_subgroup_orig
TCGA-02-0003-01A,TCGA-02-0003,TCGA,mutant,Hotspot,HGVSp,p.H178Q|p.R282W,Missense_Mutation,p.R282W
TCGA-02-0033-01A,TCGA-02-0033,TCGA,mutant,Hotspot,HGVSp,p.R248Q,Missense_Mutation,p.R248Q
TCGA-02-0047-01A,TCGA-02-0047,TCGA,wildtype,WT,tp53_status,NA,NA,WT
TCGA-02-0055-01A,TCGA-02-0055,TCGA,mutant,Other_missense,tp53_classifications,p.V216M,Missense_Mutation,Missense_other
TCGA-02-2466-01A,TCGA-02-2466,TCGA,wildtype,WT,tp53_status,NA,NA,WT
TCGA-02-2470-01A,TCGA-02-2470,TCGA,wildtype,WT,tp53_status,NA,NA,WT
TCGA-02-2483-01A,TCGA-02-2483,TCGA,mutant,Hotspot,HGVSp,p.R273H,Missense_Mutation,p.R273H
TCGA-02-2485-01A,TCGA-02-2485,TCGA,mutant,Hotspot,HGVSp,p.R248Q|p.S127Y,Missense_Mutation,p.R248Q
TCGA-02-2486-01A,TCGA-02-2486,TCGA,wildtype,WT,tp53_status,NA,NA,WT
TCGA-06-0125-01A,TCGA-06-0125,TCGA,wildtype,WT,tp53_status,NA,NA,WT
TCGA-06-0129-01A,TCGA-06-0129,TCGA,mutant,Hotspot,HGVSp,p.R248Q,Missense_Mutation,p.R248Q
TCGA-06-0130-01A,TCGA-06-0130,TCGA,mutant,Other_missense,tp53_classifications,p.R158H,Missense_Mutation,Missense_other
TCGA-06-0132-01A,TCGA-06-0132,TCGA,wildtype,WT,tp53_status,NA,NA,WT
TCGA-06-0139-01A,TCGA-06-0139,TCGA,wildtype,WT,tp53_status,NA,NA,WT
TCGA-06-0140-01A,TCGA-06-0140,TCGA,wildtype,WT,tp53_status,NA,NA,WT
TCGA-06-0141-01A,TCGA-06-0141,TCGA,wildtype,WT,tp53_status,NA,NA,WT
TCGA-06-0145-01A,TCGA-06-0145,TCGA,wildtype,WT,tp53_status,NA,NA,WT
TCGA-06-0152-01A,TCGA-06-0152,TCGA,wildtype,WT,tp53_status,NA,NA,WT
TCGA-06-0154-01A,TCGA-06-0154,TCGA,wildtype,WT,tp53_status,NA,NA,WT
TCGA-06-0155-01B,TCGA-06-0155,TCGA,wildtype,WT,tp53_status,NA,NA,WT
TCGA-06-0157-01A,TCGA-06-0157,TCGA,wildtype,WT,tp53_status,NA,NA,WT
TCGA-06-0158-01A,TCGA-06-0158,TCGA,wildtype,WT,tp53_status,NA,NA,WT
TCGA-06-0166-01A,TCGA-06-0166,TCGA,wildtype,WT,tp53_status,NA,NA,WT
TCGA-06-0167-01A,TCGA-06-0167,TCGA,wildtype,WT,tp53_status,NA,NA,WT
TCGA-06-0168-01A,TCGA-06-0168,TCGA,wildtype,WT,tp53_status,NA,NA,WT
TCGA-06-0169-01A,TCGA-06-0169,TCGA,wildtype,WT,tp53_status,NA,NA,WT
TCGA-06-0171-01A,TCGA-06-0171,TCGA,wildtype,WT,tp53_status,NA,NA,WT
TCGA-06-0174-01A,TCGA-06-0174,TCGA,wildtype,WT,tp53_status,NA,NA,WT
TCGA-06-0178-01A,TCGA-06-0178,TCGA,wildtype,WT,tp53_status,NA,NA,WT
TCGA-06-0184-01A,TCGA-06-0184,TCGA,mutant,Other_missense,tp53_classifications,p.R158H,Missense_Mutation,Missense_other
TCGA-06-0185-01A,TCGA-06-0185,TCGA,wildtype,WT,tp53_status,NA,NA,WT
TCGA-06-0187-01A,TCGA-06-0187,TCGA,wildtype,WT,tp53_status,NA,NA,WT
TCGA-06-0190-01A,TCGA-06-0190,TCGA,mutant,Other_missense,tp53_classifications,p.G245S,Missense_Mutation,p.G245S
TCGA-06-0192-01B,TCGA-06-0192,TCGA,wildtype,WT,tp53_status,NA,NA,WT
TCGA-06-0195-01B,TCGA-06-0195,TCGA,mutant,Other_missense,tp53_classifications,p.D281A|p.G266R,Missense_Mutation,Missense_other
TCGA-06-0210-01B,TCGA-06-0210,TCGA,mutant,Hotspot,HGVSp,p.R248Q,Missense_Mutation,p.R248Q
TCGA-06-0214-01A,TCGA-06-0214,TCGA,wildtype,WT,tp53_status,NA,NA,WT
TCGA-06-0216-01B,TCGA-06-0216,TCGA,wildtype,WT,tp53_status,NA,NA,WT
TCGA-06-0219-01A,TCGA-06-0219,TCGA,wildtype,WT,tp53_status,NA,NA,WT
TCGA-06-0238-01A,TCGA-06-0238,TCGA,mutant,Other_missense,tp53_classifications,p.N239_S241del,In_Frame_Del,Other_nonsilent
TCGA-06-0644-01A,TCGA-06-0644,TCGA,mutant,Other_missense,tp53_classifications,p.Y220C,Missense_Mutation,Missense_other
TCGA-06-0645-01A,TCGA-06-0645,TCGA,wildtype,WT,tp53_status,NA,NA,WT
TCGA-06-0646-01A,TCGA-06-0646,TCGA,wildtype,WT,tp53_status,NA,NA,WT
TCGA-06-0648-01A,TCGA-06-0648,TCGA,wildtype,WT,tp53_status,NA,NA,WT
TCGA-06-0649-01B,TCGA-06-0649,TCGA,wildtype,WT,tp53_status,NA,NA,WT
TCGA-06-0686-01A,TCGA-06-0686,TCGA,wildtype,WT,tp53_status,NA,NA,WT
TCGA-06-0743-01A,TCGA-06-0743,TCGA,mutant,Other_missense,tp53_classifications,p.H179R,Missense_Mutation,p.H179R
TCGA-06-0744-01A,TCGA-06-0744,TCGA,mutant,Other_missense,tp53_classifications,p.H179R,Missense_Mutation,p.H179R
TCGA-06-0745-01A,TCGA-06-0745,TCGA,wildtype,WT,tp53_status,NA,NA,WT
TCGA-06-0747-01A,TCGA-06-0747,TCGA,wildtype,WT,tp53_status,NA,NA,WT
TCGA-06-0749-01A,TCGA-06-0749,TCGA,wildtype,WT,tp53_status,NA,NA,WT
TCGA-06-0750-01A,TCGA-06-0750,TCGA,wildtype,WT,tp53_status,NA,NA,WT
TCGA-06-0875-01A,TCGA-06-0875,TCGA,mutant,Hotspot,HGVSp,p.R282W,Missense_Mutation,p.R282W
TCGA-06-0876-01A,TCGA-06-0876,TCGA,mutant,Hotspot,HGVSp,p.R248W,Missense_Mutation,p.R248W
TCGA-06-0877-01A,TCGA-06-0877,TCGA,wildtype,WT,tp53_status,NA,NA,WT
TCGA-06-0878-01A,TCGA-06-0878,TCGA,wildtype,WT,tp53_status,NA,NA,WT
TCGA-06-0879-01A,TCGA-06-0879,TCGA,wildtype,WT,tp53_status,NA,NA,WT
TCGA-06-0881-01A,TCGA-06-0881,TCGA,wildtype,WT,tp53_status,NA,NA,WT
TCGA-06-0882-01A,TCGA-06-0882,TCGA,wildtype,WT,tp53_status,NA,NA,WT
TCGA-06-0939-01A,TCGA-06-0939,TCGA,wildtype,WT,tp53_status,NA,NA,WT
TCGA-06-1084-01A,TCGA-06-1084,TCGA,wildtype,WT,tp53_status,NA,NA,WT
TCGA-06-1087-01A,TCGA-06-1087,TCGA,mutant,Other_missense,tp53_classifications,p.Y220C,Missense_Mutation,Missense_other
TCGA-06-1800-01A,TCGA-06-1800,TCGA,mutant,Other_missense,tp53_classifications,p.S241P,Missense_Mutation,Missense_other
TCGA-06-1804-01A,TCGA-06-1804,TCGA,wildtype,WT,tp53_status,NA,NA,WT
TCGA-06-1806-01A,TCGA-06-1806,TCGA,wildtype,WT,tp53_status,NA,NA,WT
TCGA-06-2557-01A,TCGA-06-2557,TCGA,wildtype,WT,tp53_status,NA,NA,WT
TCGA-06-2558-01A,TCGA-06-2558,TCGA,mutant,Other_missense,tp53_classifications,p.D281H,Missense_Mutation,Missense_other
TCGA-06-2559-01A,TCGA-06-2559,TCGA,mutant,Other_missense,tp53_classifications,p.P190L|p.T155N,Missense_Mutation,Missense_other
TCGA-06-2561-01A,TCGA-06-2561,TCGA,wildtype,WT,tp53_status,NA,NA,WT
TCGA-06-2562-01A,TCGA-06-2562,TCGA,wildtype,WT,tp53_status,NA,NA,WT
TCGA-06-2563-01A,TCGA-06-2563,TCGA,mutant,Other_missense,tp53_classifications,p.L130P,Missense_Mutation,Missense_other
TCGA-06-2564-01A,TCGA-06-2564,TCGA,wildtype,WT,tp53_status,NA,NA,WT
TCGA-06-2565-01A,TCGA-06-2565,TCGA,wildtype,WT,tp53_status,NA,NA,WT
TCGA-06-2567-01A,TCGA-06-2567,TCGA,mutant,Truncating,tp53_classifications,p.E271K|p.R196*,Missense_Mutation|Nonsense_Mutation,Truncating
TCGA-06-2569-01A,TCGA-06-2569,TCGA,mutant,Other_missense,tp53_classifications,p.T155_R158del,In_Frame_Del,Other_nonsilent
TCGA-06-2570-01A,TCGA-06-2570,TCGA,mutant,Other_missense,tp53_classifications,p.Q136E,Missense_Mutation,Missense_other
TCGA-06-5408-01A,TCGA-06-5408,TCGA,wildtype,WT,tp53_status,NA,NA,WT
TCGA-06-5410-01A,TCGA-06-5410,TCGA,wildtype,WT,tp53_status,NA,NA,WT
TCGA-06-5411-01A,TCGA-06-5411,TCGA,wildtype,WT,tp53_status,NA,NA,WT
TCGA-06-5412-01A,TCGA-06-5412,TCGA,wildtype,WT,tp53_status,NA,NA,WT
TCGA-06-5413-01A,TCGA-06-5413,TCGA,wildtype,WT,tp53_status,NA,NA,WT
TCGA-06-5414-01A,TCGA-06-5414,TCGA,wildtype,WT,tp53_status,NA,NA,WT
TCGA-06-5415-01A,TCGA-06-5415,TCGA,wildtype,WT,tp53_status,NA,NA,WT
TCGA-06-5416-01A,TCGA-06-5416,TCGA,mutant,Truncating,tp53_classifications,p.R213*,Nonsense_Mutation,Truncating
TCGA-06-5417-01A,TCGA-06-5417,TCGA,mutant,Truncating,tp53_classifications,p.I255S|p.R196*,Missense_Mutation|Nonsense_Mutation,Truncating
TCGA-06-5418-01A,TCGA-06-5418,TCGA,wildtype,WT,tp53_status,NA,NA,WT
TCGA-06-5856-01A,TCGA-06-5856,TCGA,wildtype,WT,tp53_status,NA,NA,WT
TCGA-06-5858-01A,TCGA-06-5858,TCGA,mutant,Hotspot,HGVSp,p.R175H,Missense_Mutation,p.R175H
TCGA-06-5859-01A,TCGA-06-5859,TCGA,wildtype,WT,tp53_status,NA,NA,WT
TCGA-06-6388-01A,TCGA-06-6388,TCGA,wildtype,WT,tp53_status,NA,NA,WT
TCGA-06-6389-01A,TCGA-06-6389,TCGA,mutant,Other_missense,tp53_classifications,p.Y220C,Missense_Mutation,Missense_other
TCGA-06-6390-01A,TCGA-06-6390,TCGA,wildtype,WT,tp53_status,NA,NA,WT
TCGA-06-6391-01A,TCGA-06-6391,TCGA,wildtype,WT,tp53_status,NA,NA,WT
TCGA-06-6693-01A,TCGA-06-6693,TCGA,wildtype,WT,tp53_status,NA,NA,WT
TCGA-06-6694-01A,TCGA-06-6694,TCGA,mutant,Other_missense,tp53_classifications,p.C238F,Missense_Mutation,Missense_other
TCGA-06-6695-01A,TCGA-06-6695,TCGA,wildtype,WT,tp53_status,NA,NA,WT
TCGA-06-6697-01A,TCGA-06-6697,TCGA,wildtype,WT,tp53_status,NA,NA,WT
TCGA-06-6698-01A,TCGA-06-6698,TCGA,mutant,Hotspot,HGVSp,p.R175H,Missense_Mutation,p.R175H
TCGA-06-6699-01A,TCGA-06-6699,TCGA,wildtype,WT,tp53_status,NA,NA,WT
TCGA-06-6700-01A,TCGA-06-6700,TCGA,wildtype,WT,tp53_status,NA,NA,WT
TCGA-06-A5U0-01A,TCGA-06-A5U0,TCGA,mutant,Truncating,tp53_classifications,p.E171Gfs*4|p.R342*,Frame_Shift_Ins|Nonsense_Mutation,Truncating
TCGA-06-A5U1-01A,TCGA-06-A5U1,TCGA,wildtype,WT,tp53_status,NA,NA,WT
TCGA-06-A6S0-01A,TCGA-06-A6S0,TCGA,wildtype,WT,tp53_status,NA,NA,WT
TCGA-06-A6S1-01A,TCGA-06-A6S1,TCGA,wildtype,WT,tp53_status,NA,NA,WT
TCGA-06-A7TK-01A,TCGA-06-A7TK,TCGA,wildtype,WT,tp53_status,NA,NA,WT
TCGA-06-A7TL-01A,TCGA-06-A7TL,TCGA,mutant,Other_missense,tp53_classifications,p.C275Y,Missense_Mutation,Missense_other
TCGA-08-0386-01A,TCGA-08-0386,TCGA,wildtype,WT,tp53_status,NA,NA,WT
TCGA-12-0615-01A,TCGA-12-0615,TCGA,wildtype,WT,tp53_status,NA,NA,WT
TCGA-12-0616-01A,TCGA-12-0616,TCGA,wildtype,WT,tp53_status,NA,NA,WT
TCGA-12-0618-01A,TCGA-12-0618,TCGA,mutant,Other_missense,tp53_classifications,p.C238Y,Missense_Mutation,Missense_other
TCGA-12-0619-01A,TCGA-12-0619,TCGA,mutant,Other_missense,tp53_classifications,p.K164E,Missense_Mutation,Missense_other
TCGA-12-0657-01A,TCGA-12-0657,TCGA,wildtype,WT,tp53_status,NA,NA,WT
TCGA-12-0662-01A,TCGA-12-0662,TCGA,wildtype,WT,tp53_status,NA,NA,WT
TCGA-12-0670-01B,TCGA-12-0670,TCGA,wildtype,WT,tp53_status,NA,NA,WT
TCGA-12-0691-01A,TCGA-12-0691,TCGA,mutant,Other_missense,tp53_classifications,p.H193R,Missense_Mutation,Missense_other
TCGA-12-0692-01A,TCGA-12-0692,TCGA,wildtype,WT,tp53_status,NA,NA,WT
TCGA-12-0773-01A,TCGA-12-0773,TCGA,mutant,Other_missense,tp53_classifications,p.R158P,Missense_Mutation,Missense_other
TCGA-12-0775-01A,TCGA-12-0775,TCGA,wildtype,WT,tp53_status,NA,NA,WT
TCGA-12-0818-01A,TCGA-12-0818,TCGA,mutant,Hotspot,HGVSp,p.R273C,Missense_Mutation,p.R273C
TCGA-12-0819-01A,TCGA-12-0819,TCGA,wildtype,WT,tp53_status,NA,NA,WT
TCGA-12-0820-01A,TCGA-12-0820,TCGA,wildtype,WT,tp53_status,NA,NA,WT
TCGA-12-0821-01A,TCGA-12-0821,TCGA,wildtype,WT,tp53_status,NA,NA,WT
TCGA-12-0826-01A,TCGA-12-0826,TCGA,wildtype,WT,tp53_status,NA,NA,WT
TCGA-12-0827-01A,TCGA-12-0827,TCGA,mutant,Truncating,tp53_classifications,p.W146Sfs*22,Frame_Shift_Del,Truncating
TCGA-12-0829-01A,TCGA-12-0829,TCGA,wildtype,WT,tp53_status,NA,NA,WT
TCGA-12-1089-01A,TCGA-12-1089,TCGA,wildtype,WT,tp53_status,NA,NA,WT
TCGA-12-1092-01B,TCGA-12-1092,TCGA,mutant,Hotspot,HGVSp,p.R248Q,Missense_Mutation,p.R248Q
TCGA-12-1093-01A,TCGA-12-1093,TCGA,wildtype,WT,tp53_status,NA,NA,WT
TCGA-12-1597-01B,TCGA-12-1597,TCGA,wildtype,WT,tp53_status,NA,NA,WT
TCGA-12-1598-01A,TCGA-12-1598,TCGA,mutant,Hotspot,HGVSp,p.R282W,Missense_Mutation,p.R282W
TCGA-12-1599-01A,TCGA-12-1599,TCGA,wildtype,WT,tp53_status,NA,NA,WT
TCGA-12-1600-01A,TCGA-12-1600,TCGA,mutant,Truncating,tp53_classifications,p.W53*|p.X126_splice,Nonsense_Mutation|Splice_Site,Truncating
TCGA-12-3644-01A,TCGA-12-3644,TCGA,mutant,Hotspot,HGVSp,p.R248W,Missense_Mutation,p.R248W
TCGA-12-3646-01A,TCGA-12-3646,TCGA,wildtype,WT,tp53_status,NA,NA,WT
TCGA-12-3648-01A,TCGA-12-3648,TCGA,wildtype,WT,tp53_status,NA,NA,WT
TCGA-12-3650-01A,TCGA-12-3650,TCGA,wildtype,WT,tp53_status,NA,NA,WT
TCGA-12-3651-01A,TCGA-12-3651,TCGA,wildtype,WT,tp53_status,NA,NA,WT
TCGA-12-3652-01A,TCGA-12-3652,TCGA,wildtype,WT,tp53_status,NA,NA,WT
TCGA-12-3653-01A,TCGA-12-3653,TCGA,wildtype,WT,tp53_status,NA,NA,WT
TCGA-12-5295-01A,TCGA-12-5295,TCGA,wildtype,WT,tp53_status,NA,NA,WT
TCGA-12-5299-01A,TCGA-12-5299,TCGA,wildtype,WT,tp53_status,NA,NA,WT
TCGA-12-5301-01A,TCGA-12-5301,TCGA,wildtype,WT,tp53_status,NA,NA,WT
TCGA-14-0781-01B,TCGA-14-0781,TCGA,wildtype,WT,tp53_status,NA,NA,WT
TCGA-14-0786-01B,TCGA-14-0786,TCGA,wildtype,WT,tp53_status,NA,NA,WT
TCGA-14-0787-01A,TCGA-14-0787,TCGA,wildtype,WT,tp53_status,NA,NA,WT
TCGA-14-0789-01A,TCGA-14-0789,TCGA,wildtype,WT,tp53_status,NA,NA,WT
TCGA-14-0790-01B,TCGA-14-0790,TCGA,wildtype,WT,tp53_status,NA,NA,WT
TCGA-14-0812-01B,TCGA-14-0812,TCGA,mutant,Other_missense,tp53_classifications,p.I255del,In_Frame_Del,Other_nonsilent
TCGA-14-0813-01A,TCGA-14-0813,TCGA,mutant,Hotspot,HGVSp,p.R282W,Missense_Mutation,p.R282W
TCGA-14-0817-01A,TCGA-14-0817,TCGA,mutant,Truncating,tp53_classifications,p.L194Pfs*13,Frame_Shift_Del,Truncating
TCGA-14-0865-01B,TCGA-14-0865,TCGA,wildtype,WT,tp53_status,NA,NA,WT
TCGA-14-0871-01A,TCGA-14-0871,TCGA,mutant,Truncating,tp53_classifications,p.G302Rfs*4,Frame_Shift_Ins,Truncating
TCGA-14-1034-01A,TCGA-14-1034,TCGA,mutant,Other_missense,tp53_classifications,p.G105R,Missense_Mutation,Missense_other
TCGA-14-1037-01A,TCGA-14-1037,TCGA,wildtype,WT,tp53_status,NA,NA,WT
TCGA-14-1396-01A,TCGA-14-1396,TCGA,mutant,Truncating,tp53_classifications,p.W91*,Nonsense_Mutation,Truncating
TCGA-14-1451-01A,TCGA-14-1451,TCGA,wildtype,WT,tp53_status,NA,NA,WT
TCGA-14-1453-01A,TCGA-14-1453,TCGA,wildtype,WT,tp53_status,NA,NA,WT
TCGA-14-1455-01A,TCGA-14-1455,TCGA,wildtype,WT,tp53_status,NA,NA,WT
TCGA-14-1795-01A,TCGA-14-1795,TCGA,mutant,Other_missense,tp53_classifications,p.G244D,Missense_Mutation,Missense_other
TCGA-14-1821-01A,TCGA-14-1821,TCGA,mutant,Other_missense,tp53_classifications,p.H214R,Missense_Mutation,Missense_other
TCGA-14-1823-01A,TCGA-14-1823,TCGA,wildtype,WT,tp53_status,NA,NA,WT
TCGA-14-1825-01A,TCGA-14-1825,TCGA,mutant,Hotspot,HGVSp,p.R196*|p.R282W,Missense_Mutation|Nonsense_Mutation,p.R282W
TCGA-14-1827-01A,TCGA-14-1827,TCGA,wildtype,WT,tp53_status,NA,NA,WT
TCGA-14-1829-01A,TCGA-14-1829,TCGA,wildtype,WT,tp53_status,NA,NA,WT
TCGA-14-2554-01A,TCGA-14-2554,TCGA,wildtype,WT,tp53_status,NA,NA,WT
TCGA-14-4157-01A,TCGA-14-4157,TCGA,mutant,Hotspot,HGVSp,p.R175H|p.V157G,Missense_Mutation,p.R175H
TCGA-15-0742-01A,TCGA-15-0742,TCGA,wildtype,WT,tp53_status,NA,NA,WT
TCGA-16-0846-01A,TCGA-16-0846,TCGA,mutant,Other_missense,tp53_classifications,p.H179Y,Missense_Mutation,Missense_other
TCGA-16-0849-01A,TCGA-16-0849,TCGA,mutant,Hotspot,HGVSp,p.R273C,Missense_Mutation,p.R273C
TCGA-16-0850-01A,TCGA-16-0850,TCGA,mutant,Other_missense,tp53_classifications,p.S241Y,Missense_Mutation,Missense_other
TCGA-16-1045-01B,TCGA-16-1045,TCGA,wildtype,WT,tp53_status,NA,NA,WT
TCGA-16-1460-01A,TCGA-16-1460,TCGA,mutant,Hotspot,HGVSp,p.R175H,Missense_Mutation,p.R175H
TCGA-19-1385-01A,TCGA-19-1385,TCGA,wildtype,WT,tp53_status,NA,NA,WT
TCGA-19-1386-01A,TCGA-19-1386,TCGA,wildtype,WT,tp53_status,NA,NA,WT
TCGA-19-1387-01A,TCGA-19-1387,TCGA,wildtype,WT,tp53_status,NA,NA,WT
TCGA-19-1390-01A,TCGA-19-1390,TCGA,mutant,Other_missense,tp53_classifications,p.L130F|p.L194R,Missense_Mutation,Missense_other
TCGA-19-1787-01B,TCGA-19-1787,TCGA,mutant,Hotspot,HGVSp,p.R175H,Missense_Mutation,p.R175H
TCGA-19-1791-01A,TCGA-19-1791,TCGA,wildtype,WT,tp53_status,NA,NA,WT
TCGA-19-2620-01A,TCGA-19-2620,TCGA,wildtype,WT,tp53_status,NA,NA,WT
TCGA-19-2624-01A,TCGA-19-2624,TCGA,wildtype,WT,tp53_status,NA,NA,WT
TCGA-19-2625-01A,TCGA-19-2625,TCGA,mutant,Other_missense,tp53_classifications,p.C238Y|p.Y205C,Missense_Mutation,Missense_other
TCGA-19-2629-01A,TCGA-19-2629,TCGA,wildtype,WT,tp53_status,NA,NA,WT
TCGA-19-2631-01A,TCGA-19-2631,TCGA,wildtype,WT,tp53_status,NA,NA,WT
TCGA-19-4065-01A,TCGA-19-4065,TCGA,mutant,Other_missense,tp53_classifications,p.P152L,Missense_Mutation,Missense_other
TCGA-19-4068-01A,TCGA-19-4068,TCGA,wildtype,WT,tp53_status,NA,NA,WT
TCGA-19-5947-01A,TCGA-19-5947,TCGA,wildtype,WT,tp53_status,NA,NA,WT
TCGA-19-5955-01A,TCGA-19-5955,TCGA,wildtype,WT,tp53_status,NA,NA,WT
TCGA-19-5956-01A,TCGA-19-5956,TCGA,mutant,Truncating,tp53_classifications,p.Q192*|p.Y327*,Nonsense_Mutation,Truncating
TCGA-19-5958-01A,TCGA-19-5958,TCGA,wildtype,WT,tp53_status,NA,NA,WT
TCGA-19-5959-01A,TCGA-19-5959,TCGA,wildtype,WT,tp53_status,NA,NA,WT
TCGA-19-5960-01A,TCGA-19-5960,TCGA,wildtype,WT,tp53_status,NA,NA,WT
TCGA-19-A60I-01A,TCGA-19-A60I,TCGA,wildtype,WT,tp53_status,NA,NA,WT
TCGA-26-1442-01A,TCGA-26-1442,TCGA,mutant,Hotspot,HGVSp,p.R273C,Missense_Mutation,p.R273C
TCGA-26-5133-01A,TCGA-26-5133,TCGA,mutant,Other_missense,tp53_classifications,p.Y234C,Missense_Mutation,Missense_other
TCGA-26-5134-01A,TCGA-26-5134,TCGA,wildtype,WT,tp53_status,NA,NA,WT
TCGA-26-5135-01A,TCGA-26-5135,TCGA,wildtype,WT,tp53_status,NA,NA,WT
TCGA-26-5136-01B,TCGA-26-5136,TCGA,mutant,Other_missense,tp53_classifications,p.K132N,Missense_Mutation,Missense_other
TCGA-26-5139-01A,TCGA-26-5139,TCGA,wildtype,WT,tp53_status,NA,NA,WT
TCGA-27-1830-01A,TCGA-27-1830,TCGA,mutant,Hotspot,HGVSp,p.R248Q,Missense_Mutation,p.R248Q
TCGA-27-1831-01A,TCGA-27-1831,TCGA,wildtype,WT,tp53_status,NA,NA,WT
TCGA-27-1832-01A,TCGA-27-1832,TCGA,wildtype,WT,tp53_status,NA,NA,WT
TCGA-27-1834-01A,TCGA-27-1834,TCGA,wildtype,WT,tp53_status,NA,NA,WT
TCGA-27-1835-01A,TCGA-27-1835,TCGA,mutant,Other_missense,tp53_classifications,p.V216M,Missense_Mutation,Missense_other
TCGA-27-1837-01A,TCGA-27-1837,TCGA,wildtype,WT,tp53_status,NA,NA,WT
TCGA-27-2519-01A,TCGA-27-2519,TCGA,mutant,Truncating,tp53_classifications,p.R282Gfs*63,Frame_Shift_Del,Truncating
TCGA-27-2521-01A,TCGA-27-2521,TCGA,mutant,Truncating,tp53_classifications,p.L264Yfs*81,Frame_Shift_Del,Truncating
TCGA-27-2523-01A,TCGA-27-2523,TCGA,wildtype,WT,tp53_status,NA,NA,WT
TCGA-27-2524-01A,TCGA-27-2524,TCGA,wildtype,WT,tp53_status,NA,NA,WT
TCGA-27-2526-01A,TCGA-27-2526,TCGA,wildtype,WT,tp53_status,NA,NA,WT
TCGA-27-2528-01A,TCGA-27-2528,TCGA,wildtype,WT,tp53_status,NA,NA,WT
TCGA-28-1753-01A,TCGA-28-1753,TCGA,mutant,Hotspot,HGVSp,p.R273H,Missense_Mutation,p.R273H
TCGA-28-2499-01A,TCGA-28-2499,TCGA,wildtype,WT,tp53_status,NA,NA,WT
TCGA-28-2509-01A,TCGA-28-2509,TCGA,mutant,Other_missense,tp53_classifications,p.C242Y,Missense_Mutation,Missense_other
TCGA-28-2513-01A,TCGA-28-2513,TCGA,wildtype,WT,tp53_status,NA,NA,WT
TCGA-28-2514-01A,TCGA-28-2514,TCGA,wildtype,WT,tp53_status,NA,NA,WT
TCGA-28-5204-01A,TCGA-28-5204,TCGA,wildtype,WT,tp53_status,NA,NA,WT
TCGA-28-5208-01A,TCGA-28-5208,TCGA,wildtype,WT,tp53_status,NA,NA,WT
TCGA-28-5209-01A,TCGA-28-5209,TCGA,wildtype,WT,tp53_status,NA,NA,WT
TCGA-28-5213-01A,TCGA-28-5213,TCGA,wildtype,WT,tp53_status,NA,NA,WT
TCGA-28-5215-01A,TCGA-28-5215,TCGA,wildtype,WT,tp53_status,NA,NA,WT
TCGA-28-5216-01A,TCGA-28-5216,TCGA,mutant,Other_missense,tp53_classifications,p.R249M,Missense_Mutation,Missense_other
TCGA-28-5218-01A,TCGA-28-5218,TCGA,wildtype,WT,tp53_status,NA,NA,WT
TCGA-28-5220-01A,TCGA-28-5220,TCGA,wildtype,WT,tp53_status,NA,NA,WT
TCGA-32-1970-01A,TCGA-32-1970,TCGA,mutant,Other_missense,tp53_classifications,p.R267P,Missense_Mutation,Missense_other
TCGA-32-1980-01A,TCGA-32-1980,TCGA,wildtype,WT,tp53_status,NA,NA,WT
TCGA-32-1982-01A,TCGA-32-1982,TCGA,wildtype,WT,tp53_status,NA,NA,WT
TCGA-32-2615-01A,TCGA-32-2615,TCGA,wildtype,WT,tp53_status,NA,NA,WT
TCGA-32-2616-01A,TCGA-32-2616,TCGA,mutant,Hotspot,HGVSp,p.R175H,Missense_Mutation,p.R175H
TCGA-32-2632-01A,TCGA-32-2632,TCGA,wildtype,WT,tp53_status,NA,NA,WT
TCGA-32-2634-01A,TCGA-32-2634,TCGA,mutant,Other_missense,tp53_classifications,p.I254S,Missense_Mutation,Missense_other
TCGA-32-2638-01A,TCGA-32-2638,TCGA,wildtype,WT,tp53_status,NA,NA,WT
TCGA-32-4213-01A,TCGA-32-4213,TCGA,wildtype,WT,tp53_status,NA,NA,WT
TCGA-32-5222-01A,TCGA-32-5222,TCGA,wildtype,WT,tp53_status,NA,NA,WT
TCGA-41-2571-01A,TCGA-41-2571,TCGA,wildtype,WT,tp53_status,NA,NA,WT
TCGA-41-2572-01A,TCGA-41-2572,TCGA,wildtype,WT,tp53_status,NA,NA,WT
TCGA-41-3915-01A,TCGA-41-3915,TCGA,mutant,Other_missense,tp53_classifications,p.G334_R337del,In_Frame_Del,Other_nonsilent
TCGA-41-4097-01A,TCGA-41-4097,TCGA,wildtype,WT,tp53_status,NA,NA,WT
TCGA-41-5651-01A,TCGA-41-5651,TCGA,mutant,Truncating,tp53_classifications,p.X126_splice,Splice_Site,Splice_Site
TCGA-76-4925-01A,TCGA-76-4925,TCGA,mutant,Other_missense,tp53_classifications,p.R249T,Missense_Mutation,Missense_other
TCGA-76-4926-01B,TCGA-76-4926,TCGA,wildtype,WT,tp53_status,NA,NA,WT
TCGA-76-4927-01A,TCGA-76-4927,TCGA,wildtype,WT,tp53_status,NA,NA,WT
TCGA-76-4928-01B,TCGA-76-4928,TCGA,wildtype,WT,tp53_status,NA,NA,WT
TCGA-76-4929-01A,TCGA-76-4929,TCGA,mutant,Truncating,tp53_classifications,p.P152S|p.R342*,Missense_Mutation|Nonsense_Mutation,Truncating
TCGA-76-4931-01A,TCGA-76-4931,TCGA,wildtype,WT,tp53_status,NA,NA,WT
TCGA-76-4932-01A,TCGA-76-4932,TCGA,wildtype,WT,tp53_status,NA,NA,WT
C3L-00104-01,NA,CPTAC_HCMI,mutant,Other_missense,tp53_classifications,p.G266R,Missense_Mutation,Missense_other
C3L-00365-01,NA,CPTAC_HCMI,mutant,Other_missense,tp53_classifications,p.K132R,Missense_Mutation,Missense_other
C3L-00674-71,NA,CPTAC_HCMI,wildtype,WT,tp53_status,NA,NA,WT
C3L-00677-72,NA,CPTAC_HCMI,mutant,Hotspot,HGVSp,p.R158H|p.R248Q,Missense_Mutation,p.R248Q
C3L-01040-02,NA,CPTAC_HCMI,wildtype,WT,tp53_status,NA,NA,WT
C3L-01043-01,NA,CPTAC_HCMI,wildtype,WT,tp53_status,NA,NA,WT
C3L-01045-03,NA,CPTAC_HCMI,wildtype,WT,tp53_status,NA,NA,WT
C3L-01046-01,NA,CPTAC_HCMI,wildtype,WT,tp53_status,NA,NA,WT
C3L-01048-02,NA,CPTAC_HCMI,mutant,Other_missense,tp53_classifications,p.L130P,Missense_Mutation,Missense_other
C3L-01049-02,NA,CPTAC_HCMI,mutant,Truncating,tp53_classifications,p.W91*,Nonsense_Mutation,Truncating
C3L-01061-01,NA,CPTAC_HCMI,wildtype,WT,tp53_status,NA,NA,WT
C3L-01142-02,NA,CPTAC_HCMI,wildtype,WT,tp53_status,NA,NA,WT
C3L-01146-05,NA,CPTAC_HCMI,wildtype,WT,tp53_status,NA,NA,WT
C3L-01149-01,NA,CPTAC_HCMI,wildtype,WT,tp53_status,NA,NA,WT
C3L-01154-03,NA,CPTAC_HCMI,wildtype,WT,tp53_status,NA,NA,WT
C3L-01155-02,NA,CPTAC_HCMI,wildtype,WT,tp53_status,NA,NA,WT
C3L-01156-02,NA,CPTAC_HCMI,wildtype,WT,tp53_status,NA,NA,WT
C3L-01157-03,NA,CPTAC_HCMI,wildtype,WT,tp53_status,NA,NA,WT
C3L-01232-03,NA,CPTAC_HCMI,mutant,Other_missense,tp53_classifications,p.I195N,Missense_Mutation,Missense_other
C3L-01327-01,NA,CPTAC_HCMI,wildtype,WT,tp53_status,NA,NA,WT
C3L-01834-02,NA,CPTAC_HCMI,wildtype,WT,tp53_status,NA,NA,WT
C3L-01887-01,NA,CPTAC_HCMI,mutant,Other_missense,tp53_classifications,p.D281G,Missense_Mutation,Missense_other
C3L-02041-02,NA,CPTAC_HCMI,mutant,Hotspot,HGVSp,p.R248W,Missense_Mutation,p.R248W
C3L-02465-02,NA,CPTAC_HCMI,mutant,Other_missense,tp53_classifications,p.V197M,Missense_Mutation,Missense_other
C3L-02504-01,NA,CPTAC_HCMI,wildtype,WT,tp53_status,NA,NA,WT
C3L-02542-03,NA,CPTAC_HCMI,mutant,Other_missense,tp53_classifications,p.R156G,Missense_Mutation,Missense_other
C3L-02642-03,NA,CPTAC_HCMI,mutant,Truncating,tp53_classifications,p.X33_splice,Splice_Site,Splice_Site
C3L-02644-02,NA,CPTAC_HCMI,mutant,Other_missense,tp53_classifications,p.I162F,Missense_Mutation,Missense_other
C3L-02662-05,NA,CPTAC_HCMI,mutant,Other_missense,tp53_classifications,p.C135Y|p.V173L,Missense_Mutation,Missense_other
C3L-02704-71,NA,CPTAC_HCMI,wildtype,WT,tp53_status,NA,NA,WT
C3L-02705-71,NA,CPTAC_HCMI,wildtype,WT,tp53_status,NA,NA,WT
C3L-02707-75,NA,CPTAC_HCMI,wildtype,WT,tp53_status,NA,NA,WT
C3L-02708-02,NA,CPTAC_HCMI,mutant,Other_missense,tp53_classifications,p.V157F,Missense_Mutation,Missense_other
C3L-02900-01,NA,CPTAC_HCMI,mutant,Other_missense,tp53_classifications,p.C135Y,Missense_Mutation,Missense_other
C3L-02955-01,NA,CPTAC_HCMI,wildtype,WT,tp53_status,NA,NA,WT
C3L-02970-03,NA,CPTAC_HCMI,mutant,Other_missense,tp53_classifications,p.I195T,Missense_Mutation,Missense_other
C3L-02984-04,NA,CPTAC_HCMI,mutant,Other_missense,tp53_classifications,p.C238F,Missense_Mutation,Missense_other
C3L-03260-01,NA,CPTAC_HCMI,wildtype,WT,tp53_status,NA,NA,WT
C3L-03266-01,NA,CPTAC_HCMI,wildtype,WT,tp53_status,NA,NA,WT
C3L-03372-04,NA,CPTAC_HCMI,mutant,Other_missense,tp53_classifications,p.H214R|p.R342_L344dup,In_Frame_Ins|Missense_Mutation,Missense_other
C3L-03385-04,NA,CPTAC_HCMI,wildtype,WT,tp53_status,NA,NA,WT
C3L-03387-01,NA,CPTAC_HCMI,wildtype,WT,tp53_status,NA,NA,WT
C3L-03390-04,NA,CPTAC_HCMI,wildtype,WT,tp53_status,NA,NA,WT
C3L-03392-01,NA,CPTAC_HCMI,wildtype,WT,tp53_status,NA,NA,WT
C3L-03400-05,NA,CPTAC_HCMI,mutant,Hotspot,HGVSp,p.R175H,Missense_Mutation,p.R175H
C3L-03405-01,NA,CPTAC_HCMI,wildtype,WT,tp53_status,NA,NA,WT
C3L-03407-02,NA,CPTAC_HCMI,mutant,Other_missense,tp53_classifications,p.F113del,In_Frame_Del,Other_nonsilent
C3L-03681-03,NA,CPTAC_HCMI,wildtype,WT,tp53_status,NA,NA,WT
C3L-03727-01,NA,CPTAC_HCMI,wildtype,WT,tp53_status,NA,NA,WT
C3L-03728-01,NA,CPTAC_HCMI,wildtype,WT,tp53_status,NA,NA,WT
C3L-03733-01,NA,CPTAC_HCMI,mutant,Other_missense,tp53_classifications,p.P190S,Missense_Mutation,Missense_other
C3L-03735-01,NA,CPTAC_HCMI,mutant,Other_missense,tp53_classifications,p.F270C,Missense_Mutation,Missense_other
C3L-03740-01,NA,CPTAC_HCMI,mutant,Other_missense,tp53_classifications,p.T125K,Missense_Mutation,Missense_other
C3L-03744-71,NA,CPTAC_HCMI,mutant,Other_missense,tp53_classifications,p.R249K,Missense_Mutation,Missense_other
C3L-03748-04,NA,CPTAC_HCMI,wildtype,WT,tp53_status,NA,NA,WT
C3L-03968-01,NA,CPTAC_HCMI,wildtype,WT,tp53_status,NA,NA,WT
C3L-04036-01,NA,CPTAC_HCMI,wildtype,WT,tp53_status,NA,NA,WT
C3L-04038-03,NA,CPTAC_HCMI,wildtype,WT,tp53_status,NA,NA,WT
C3L-04081-01,NA,CPTAC_HCMI,mutant,Other_missense,tp53_classifications,p.Y126C,Missense_Mutation,Missense_other
C3L-04082-03,NA,CPTAC_HCMI,mutant,Other_missense,tp53_classifications,p.S215R,Missense_Mutation,Missense_other
C3L-04083-02,NA,CPTAC_HCMI,wildtype,WT,tp53_status,NA,NA,WT
C3L-04084-04,NA,CPTAC_HCMI,wildtype,WT,tp53_status,NA,NA,WT
C3L-04085-02,NA,CPTAC_HCMI,wildtype,WT,tp53_status,NA,NA,WT
C3L-04090-01,NA,CPTAC_HCMI,wildtype,WT,tp53_status,NA,NA,WT
C3L-04213-01,NA,CPTAC_HCMI,wildtype,WT,tp53_status,NA,NA,WT
C3L-04339-01,NA,CPTAC_HCMI,mutant,Other_missense,tp53_classifications,p.I195N,Missense_Mutation,Missense_other
C3L-04359-04,NA,CPTAC_HCMI,wildtype,WT,tp53_status,NA,NA,WT
C3L-04362-05,NA,CPTAC_HCMI,wildtype,WT,tp53_status,NA,NA,WT
C3L-04392-03,NA,CPTAC_HCMI,wildtype,WT,tp53_status,NA,NA,WT
C3L-04537-01,NA,CPTAC_HCMI,wildtype,WT,tp53_status,NA,NA,WT
C3L-04539-01,NA,CPTAC_HCMI,wildtype,WT,tp53_status,NA,NA,WT
C3L-04731-05,NA,CPTAC_HCMI,wildtype,WT,tp53_status,NA,NA,WT
C3L-04795-02,NA,CPTAC_HCMI,mutant,Hotspot,HGVSp,p.R273G,Missense_Mutation,Missense_other
C3L-05239-05,NA,CPTAC_HCMI,wildtype,WT,tp53_status,NA,NA,WT
C3L-05481-03,NA,CPTAC_HCMI,wildtype,WT,tp53_status,NA,NA,WT
C3L-06625-01,NA,CPTAC_HCMI,wildtype,WT,tp53_status,NA,NA,WT
C3L-07202-01,NA,CPTAC_HCMI,wildtype,WT,tp53_status,NA,NA,WT
C3L-07213-01,NA,CPTAC_HCMI,mutant,Hotspot,HGVSp,p.R273H|p.S106R,Missense_Mutation,p.R273H
C3L-07611-02,NA,CPTAC_HCMI,wildtype,WT,tp53_status,NA,NA,WT
C3N-00661-01,NA,CPTAC_HCMI,wildtype,WT,tp53_status,NA,NA,WT
C3N-00662-03,NA,CPTAC_HCMI,wildtype,WT,tp53_status,NA,NA,WT
C3N-00663-01,NA,CPTAC_HCMI,mutant,Hotspot,HGVSp,p.R282W|p.S127F,Missense_Mutation,p.R282W
C3N-00665-01,NA,CPTAC_HCMI,wildtype,WT,tp53_status,NA,NA,WT
C3N-01192-05,NA,CPTAC_HCMI,wildtype,WT,tp53_status,NA,NA,WT
C3N-01196-04,NA,CPTAC_HCMI,mutant,Other_missense,tp53_classifications,p.Y163C,Missense_Mutation,Missense_other
C3N-01334-03,NA,CPTAC_HCMI,wildtype,WT,tp53_status,NA,NA,WT
C3N-01364-02,NA,CPTAC_HCMI,wildtype,WT,tp53_status,NA,NA,WT
C3N-01366-02,NA,CPTAC_HCMI,wildtype,WT,tp53_status,NA,NA,WT
C3N-01367-02,NA,CPTAC_HCMI,wildtype,WT,tp53_status,NA,NA,WT
C3N-01368-03,NA,CPTAC_HCMI,wildtype,WT,tp53_status,NA,NA,WT
C3N-01369-01,NA,CPTAC_HCMI,wildtype,WT,tp53_status,NA,NA,WT
C3N-01505-01,NA,CPTAC_HCMI,wildtype,WT,tp53_status,NA,NA,WT
C3N-01515-01,NA,CPTAC_HCMI,wildtype,WT,tp53_status,NA,NA,WT
C3N-01517-01,NA,CPTAC_HCMI,wildtype,WT,tp53_status,NA,NA,WT
C3N-01518-01,NA,CPTAC_HCMI,mutant,Other_missense,tp53_classifications,p.G266E,Missense_Mutation,Missense_other
C3N-01798-01,NA,CPTAC_HCMI,mutant,Other_missense,tp53_classifications,p.R280T,Missense_Mutation,Missense_other
C3N-01814-01,NA,CPTAC_HCMI,wildtype,WT,tp53_status,NA,NA,WT
C3N-01815-01,NA,CPTAC_HCMI,mutant,Hotspot,HGVSp,p.R175H,Missense_Mutation,p.R175H
C3N-01816-01,NA,CPTAC_HCMI,wildtype,WT,tp53_status,NA,NA,WT
C3N-01818-02,NA,CPTAC_HCMI,mutant,Truncating,tp53_classifications,p.X126_splice,Splice_Site,Splice_Site
C3N-01849-04,NA,CPTAC_HCMI,wildtype,WT,tp53_status,NA,NA,WT
C3N-01851-01,NA,CPTAC_HCMI,mutant,Other_missense,tp53_classifications,p.P151H,Missense_Mutation,Missense_other
C3N-01852-04,NA,CPTAC_HCMI,wildtype,WT,tp53_status,NA,NA,WT
C3N-01856-03,NA,CPTAC_HCMI,wildtype,WT,tp53_status,NA,NA,WT
C3N-01857-02,NA,CPTAC_HCMI,wildtype,WT,tp53_status,NA,NA,WT
C3N-02181-02,NA,CPTAC_HCMI,wildtype,WT,tp53_status,NA,NA,WT
C3N-02183-01,NA,CPTAC_HCMI,wildtype,WT,tp53_status,NA,NA,WT
C3N-02185-01,NA,CPTAC_HCMI,mutant,Truncating,tp53_classifications,p.E343Afs*3,Frame_Shift_Del,Truncating
C3N-02186-03,NA,CPTAC_HCMI,wildtype,WT,tp53_status,NA,NA,WT
C3N-02188-03,NA,CPTAC_HCMI,wildtype,WT,tp53_status,NA,NA,WT
C3N-02190-01,NA,CPTAC_HCMI,wildtype,WT,tp53_status,NA,NA,WT
C3N-02255-02,NA,CPTAC_HCMI,wildtype,WT,tp53_status,NA,NA,WT
C3N-02256-01,NA,CPTAC_HCMI,mutant,Other_missense,tp53_classifications,p.V272M,Missense_Mutation,Missense_other
C3N-02259-01,NA,CPTAC_HCMI,wildtype,WT,tp53_status,NA,NA,WT
C3N-02286-01,NA,CPTAC_HCMI,wildtype,WT,tp53_status,NA,NA,WT
C3N-02599-03,NA,CPTAC_HCMI,wildtype,WT,tp53_status,NA,NA,WT
C3N-02681-02,NA,CPTAC_HCMI,wildtype,WT,tp53_status,NA,NA,WT
C3N-02682-02,NA,CPTAC_HCMI,wildtype,WT,tp53_status,NA,NA,WT
C3N-02683-02,NA,CPTAC_HCMI,mutant,Hotspot,HGVSp,p.R248W,Missense_Mutation,p.R248W
C3N-02769-02,NA,CPTAC_HCMI,wildtype,WT,tp53_status,NA,NA,WT
C3N-02770-10,NA,CPTAC_HCMI,wildtype,WT,tp53_status,NA,NA,WT
C3N-02782-01,NA,CPTAC_HCMI,wildtype,WT,tp53_status,NA,NA,WT
C3N-02783-05,NA,CPTAC_HCMI,wildtype,WT,tp53_status,NA,NA,WT
C3N-02784-01,NA,CPTAC_HCMI,mutant,Hotspot,HGVSp,p.R175H,Missense_Mutation,p.R175H
C3N-02785-01,NA,CPTAC_HCMI,wildtype,WT,tp53_status,NA,NA,WT
C3N-02786-02,NA,CPTAC_HCMI,wildtype,WT,tp53_status,NA,NA,WT
C3N-02788-01,NA,CPTAC_HCMI,mutant,Hotspot,HGVSp,p.R282W,Missense_Mutation,p.R282W
C3N-03001-01,NA,CPTAC_HCMI,wildtype,WT,tp53_status,NA,NA,WT
C3N-03003-01,NA,CPTAC_HCMI,wildtype,WT,tp53_status,NA,NA,WT
C3N-03025-01,NA,CPTAC_HCMI,mutant,Truncating,tp53_classifications,p.E298*,Nonsense_Mutation,Truncating
C3N-03070-02,NA,CPTAC_HCMI,mutant,Other_missense,tp53_classifications,p.C238F,Missense_Mutation,Missense_other
C3N-03088-01,NA,CPTAC_HCMI,wildtype,WT,tp53_status,NA,NA,WT
C3N-03180-02,NA,CPTAC_HCMI,wildtype,WT,tp53_status,NA,NA,WT
C3N-03182-02,NA,CPTAC_HCMI,mutant,Truncating,tp53_classifications,p.P191Sfs*18,Frame_Shift_Ins,Truncating
C3N-03183-03,NA,CPTAC_HCMI,wildtype,WT,tp53_status,NA,NA,WT
C3N-03184-02,NA,CPTAC_HCMI,wildtype,WT,tp53_status,NA,NA,WT
C3N-03186-01,NA,CPTAC_HCMI,wildtype,WT,tp53_status,NA,NA,WT
C3N-03188-02,NA,CPTAC_HCMI,wildtype,WT,tp53_status,NA,NA,WT
C3N-03448-01,NA,CPTAC_HCMI,mutant,Other_missense,tp53_classifications,p.P152R|p.V274L,Missense_Mutation,Missense_other
C3N-03449-01,NA,CPTAC_HCMI,wildtype,WT,tp53_status,NA,NA,WT
C3N-03452-01,NA,CPTAC_HCMI,wildtype,WT,tp53_status,NA,NA,WT
C3N-03453-01,NA,CPTAC_HCMI,wildtype,WT,tp53_status,NA,NA,WT
C3N-03473-01,NA,CPTAC_HCMI,mutant,Other_missense,tp53_classifications,p.A161dup|p.R156G,In_Frame_Ins|Missense_Mutation,Missense_other
C3N-03480-01,NA,CPTAC_HCMI,mutant,Hotspot,HGVSp,p.R273H,Missense_Mutation,p.R273H
C3N-03484-02,NA,CPTAC_HCMI,wildtype,WT,tp53_status,NA,NA,WT
C3N-03755-01,NA,CPTAC_HCMI,wildtype,WT,tp53_status,NA,NA,WT
C3N-03756-01,NA,CPTAC_HCMI,wildtype,WT,tp53_status,NA,NA,WT
C3N-03757-07,NA,CPTAC_HCMI,wildtype,WT,tp53_status,NA,NA,WT
C3N-03789-05,NA,CPTAC_HCMI,wildtype,WT,tp53_status,NA,NA,WT
C3N-03791-02,NA,CPTAC_HCMI,mutant,Other_missense,tp53_classifications,p.V216M,Missense_Mutation,Missense_other
C3N-03792-01,NA,CPTAC_HCMI,mutant,Other_missense,tp53_classifications,p.R156_V157delinsA,In_Frame_Del,Other_nonsilent
C3N-03796-01,NA,CPTAC_HCMI,wildtype,WT,tp53_status,NA,NA,WT
C3N-03797-01,NA,CPTAC_HCMI,mutant,Other_missense,tp53_classifications,p.T256P,Missense_Mutation,Missense_other
C3N-03800-01,NA,CPTAC_HCMI,wildtype,WT,tp53_status,NA,NA,WT
C3N-03802-01,NA,CPTAC_HCMI,mutant,Truncating,tp53_classifications,p.R342*,Nonsense_Mutation,Truncating
C3N-03810-01,NA,CPTAC_HCMI,wildtype,WT,tp53_status,NA,NA,WT
C3N-03935-01,NA,CPTAC_HCMI,mutant,Other_missense,tp53_classifications,p.V197L,Missense_Mutation,Missense_other
C3N-03939-02,NA,CPTAC_HCMI,wildtype,WT,tp53_status,NA,NA,WT
C3N-04092-03,NA,CPTAC_HCMI,wildtype,WT,tp53_status,NA,NA,WT
C3N-04094-01,NA,CPTAC_HCMI,wildtype,WT,tp53_status,NA,NA,WT
C3N-04097-01,NA,CPTAC_HCMI,mutant,Other_missense,tp53_classifications,p.P151A,Missense_Mutation,Missense_other
C3N-04098-02,NA,CPTAC_HCMI,wildtype,WT,tp53_status,NA,NA,WT
C3N-04100-02,NA,CPTAC_HCMI,wildtype,WT,tp53_status,NA,NA,WT
C3N-04113-03,NA,CPTAC_HCMI,mutant,Truncating,tp53_classifications,p.Q104*,Nonsense_Mutation,Truncating
C3N-04312-02,NA,CPTAC_HCMI,wildtype,WT,tp53_status,NA,NA,WT
C3N-04683-02,NA,CPTAC_HCMI,wildtype,WT,tp53_status,NA,NA,WT
C3N-04686-04,NA,CPTAC_HCMI,wildtype,WT,tp53_status,NA,NA,WT
C3N-04687-02,NA,CPTAC_HCMI,wildtype,WT,tp53_status,NA,NA,WT
C3N-04691-01,NA,CPTAC_HCMI,wildtype,WT,tp53_status,NA,NA,WT
C3N-04693-01,NA,CPTAC_HCMI,wildtype,WT,tp53_status,NA,NA,WT
C3N-04695-03,NA,CPTAC_HCMI,wildtype,WT,tp53_status,NA,NA,WT
C3N-05039-02,NA,CPTAC_HCMI,mutant,Other_missense,tp53_classifications,p.N131del,In_Frame_Del,Other_nonsilent
C3N-05114-01,NA,CPTAC_HCMI,wildtype,WT,tp53_status,NA,NA,WT
C3N-05135-01,NA,CPTAC_HCMI,mutant,Hotspot,HGVSp,p.R273H,Missense_Mutation,p.R273H
C3N-05991-01,NA,CPTAC_HCMI,mutant,Hotspot,HGVSp,p.R175H|p.R342*,Missense_Mutation|Nonsense_Mutation,p.R175H
HCM-BROD-0002-C71-01A,NA,CPTAC_HCMI,mutant,Other_missense,tp53_classifications,p.V272M,Missense_Mutation,Missense_other
HCM-BROD-0003-C71-01A,NA,CPTAC_HCMI,mutant,Other_missense,tp53_classifications,p.V216M,Missense_Mutation,Missense_other
HCM-BROD-0011-C71-01A,NA,CPTAC_HCMI,wildtype,WT,tp53_status,NA,NA,WT
HCM-BROD-0012-C71-01A,NA,CPTAC_HCMI,wildtype,WT,tp53_status,NA,NA,WT
HCM-BROD-0014-C71-01A,NA,CPTAC_HCMI,wildtype,WT,tp53_status,NA,NA,WT
HCM-BROD-0028-C71-01A,NA,CPTAC_HCMI,wildtype,WT,tp53_status,NA,NA,WT
HCM-BROD-0103-C71-01A,NA,CPTAC_HCMI,mutant,Truncating,tp53_classifications,p.R196*|p.R213L,Missense_Mutation|Nonsense_Mutation,Truncating
HCM-BROD-0195-C71-01A,NA,CPTAC_HCMI,mutant,Other_missense,tp53_classifications,p.L194P,Missense_Mutation,Missense_other
HCM-BROD-0196-C71-01A,NA,CPTAC_HCMI,wildtype,WT,tp53_status,NA,NA,WT
HCM-BROD-0199-C71-01A,NA,CPTAC_HCMI,wildtype,WT,tp53_status,NA,NA,WT
HCM-BROD-0200-C71-01A,NA,CPTAC_HCMI,wildtype,WT,tp53_status,NA,NA,WT
HCM-BROD-0416-C71-01A,NA,CPTAC_HCMI,wildtype,WT,tp53_status,NA,NA,WT
HCM-BROD-0417-C71-01A,NA,CPTAC_HCMI,mutant,Hotspot,HGVSp,p.P322Hfs*23|p.R175H,Frame_Shift_Del|Missense_Mutation,p.R175H
HCM-BROD-0418-C71-01A,NA,CPTAC_HCMI,wildtype,WT,tp53_status,NA,NA,WT
HCM-BROD-0423-C71-01A,NA,CPTAC_HCMI,wildtype,WT,tp53_status,NA,NA,WT
HCM-BROD-0455-C71-01A,NA,CPTAC_HCMI,mutant,Hotspot,HGVSp,p.R248W,Missense_Mutation,p.R248W
HCM-BROD-0613-C71-01A,NA,CPTAC_HCMI,mutant,Truncating,tp53_classifications,p.G154Afs*16,Frame_Shift_Del,Truncating
HCM-BROD-0614-C71-01A,NA,CPTAC_HCMI,mutant,Other_missense,tp53_classifications,p.Y126H,Missense_Mutation,Missense_other
HCM-BROD-0685-C71-01A,NA,CPTAC_HCMI,mutant,Other_missense,tp53_classifications,p.H179Y,Missense_Mutation,Missense_other
HCM-BROD-0693-C71-01A,NA,CPTAC_HCMI,mutant,Hotspot,HGVSp,p.R273L,Missense_Mutation,Missense_other
HCM-BROD-0831-C71-01A,NA,CPTAC_HCMI,wildtype,WT,tp53_status,NA,NA,WT
HCM-BROD-1121-C71-01A,NA,CPTAC_HCMI,mutant,Other_missense,tp53_classifications,p.P190L,Missense_Mutation,Missense_other
